Workbook
Name PLANTING: 'Planting GPS Points'!$B$5:$AL$282

Sheet README
B2: This spreadsheet is a copy of the eelgrass restoration spreadsheet that resides here:
B4: K:\projects\Eelgrass_Restoration\MATRIX
B7: 45923 | C7: This copy was made of the source file when it had a date stamp of 9/16/2025 4:15pm
B9: 46054 | C9: File edited as part of data update.

Sheet Data_dictionary
A1: WORKSHEET | B1: HEADER | C1: SUB-HEADING | D1: DESCRIPTION | E1: NOTES
A2: Assessments | B2: DATE | C2: (YYYY-MM-DD) | D2: date of site assessment activity
A3: Assessments | B3: PROJECT | D3: name of project
A4: Assessments | B4: SITE | D4: general area or embayment that the site is located
A5: Assessments | B5: SITE NAME | D5: characteristics that identify specific planting. Information includes: site location, who did it, where within site, type, year
A6: Assessments | B6: SITE TYPE | C6: (restoration, existing) | D6: is the assessment to scope out a potential restoration site or to check on existing eelgrass conditions (e.g., shoot density, depth range, substrate type) in an area?
A7: Assessments | B7: ASSESSMENT TYPE | C7: (point, drift) | D7: is the assessment a single point visit or a drift with a drift start point (Point) and drift end point (Drift Finish)?
A8: Assessments | B8: ASSESSMENT METHOD | C8: (surface, camera, diver) | D8: is the point assessment taken from the surface of a research vessel, using a camera, or using divers
A9: Assessments | B9: POINT - Latitude | C9: (dec deg) | D9: latitude in decimal degrees of point assessment or if Assessment type is drift, start of drift assessment, precision to 0.00001 degrees
A10: Assessments | B10: POINT - Longitude | C10: (dec deg) | D10: longitude in decimal degrees of point assessment or if Assessment type is drift, start of drift assessment, precision to 0.00001 degrees
A11: Assessments | B11: DRIFT FINISH - Latitude | C11: (dec deg) | D11: If drift assessment then end of drift latitude in decimal degrees, precision to 0.00001 degrees
A12: Assessments | B12: DRIFT FINISH - Longitude | C12: (dec deg) | D12: If drift assessment then end of drift longitude in decimal degrees, precision to 0.00001 degrees
A13: Assessments | B13: DATUM | C13: (WGS84, NAVD83) | D13: geographic datum of the GPS that collected the lat/long data
A14: Assessments | B14: ELEVATION | C14: (m, MLLW) | D14: corrected elevation based on depth and tides in meters relative to MLLW
A15: Assessments | B15: WATER | C15: (clear, turbid) | D15: condition of water
A16: Assessments | B16: SEDIMENT | C16: (mud/silt, fine sand, coarse sand, cobble, bedrock) | D16: sediment type
A17: Assessments | B17: EELGRASS | C17: (absent, sparse, dense) | D17: condition of eelgrass (absent, sparse, dense, unknown)
A18: Assessments | B18: ASSESSMENT STATUS | C18: (poor, moderate, good, na) | D18: assessment for restoration potential; the "na" category is only for restoration Site Types that had eelgrass present
A19: Assessments | B19: NOTES | D19: additional notes
A20: Assessments | B20: ANCILLARY DATA | D20: filename of field notes or report that further document assessment
A22: Planting | B22: SITE LOCATION | D22: general area or embayment that the site is located
A23: Planting | B23: SITE NAME | D23: characteristics that identify specific planting. Information includes: site location, who did it, where within site, type, year
A24: Planting | B24: YEAR | D24: year transplant or site assessment activity occurred
A25: Planting | B25: HISTORICAL PRESENCE | C25: (citation) | D25: citation of document that shows eelgrass historically grew at site or personal observation
A26: Planting | B26: DATA TYPE | C26: (point, polygon, transect) | D26: lat/long coordinate represents point data or multiple coordinates represent a polygon or transect
A27: Planting | B27: WATER BODY | D27: body of water where site resides
A28: Planting | B28: SVMP REGION | D28: Submerged Vegetation Monitoring Program region site is located
A29: Planting | B29: PROJECT NAME | D29: Title of funding source proposal
A30: Planting | B30: FUNDING SOURCE | D30: Organization that has contracted DNR
A31: Planting | B31: FUNDING SOURCE PROGRAM | D31: Program that is providing funding
A32: Planting | B32: CONTRACT 1 | C32: (b/w funding source & DNR) | D32: funding source contract # for contract between DNR and funding source
A33: Planting | B33: CONTRACT 1 | C33: (DNR contract #) | D33: DNR contract # for contract between DNR and funding source
A34: Planting | B34: CONTRACT 2 | C34: (b/w DNR & contractor) | D34: contractor DNR hired to complete project
A35: Planting | B35: CONTRACT 2 | C35: (DNR contract #) | D35: DNR contract # for agreement between DNR and contractor
A36: Planting | B36: CITATION | D36: citation of document data are presented in
A37: Planting | B37: ACTIVITY TYPE | C37: (test planting, large-scale planting) | D37: Type of restoration activity performed at site
A38: Planting | B38: ACTIVITY FILTER | C38: (test planting, large-scale planting) | D38: Type of restoration activity performed at site used to quanitify number of test transplant and large-scale transplant. For example, Activity Type is only listed once for a site with multiple corner points (polygon).
A39: Planting | B39: PLANTING DATE | C39: (YYYY-MM-DD) | D39: date of eelgrass restoration activity
A40: Planting | B40: LATITUDE | C40: (dec deg) | D40: latitude in decimal degrees, precision to 0.00001 degrees
A41: Planting | B41: LONGITUDE | C41: (dec deg) | D41: longitude in decimal degrees, precision to 0.00001 degrees
A42: Planting | B42: DATUM | C42: (WGS84, NAVD83) | D42: geographic datum of the GPS that collected the lat/long data
A43: Planting | B43: ELEVATION | C43: (m, MLLW) | D43: depth of eelgrass transplants in meters relative to Mean Lower Low Water
A44: Planting | B44: PLANTING METHOD | C44: (staple, rebar, washer, burlap, ?) | D44: method eelgrass shoots were planted: note that as of 5/4/18 rebar effective area = 0.25m x 0.05m = .0125m^2, staple effective area = 0.10m x 0.05m = .005m^2
A45: Planting | B45: PARALLEL SIDE | C45: (m) | D45: length of transplant plot area parallel to shore
A46: Planting | B46: PERPENDICULAR SIDE | C46: (m) | D46: length of transplant plot area perpendicular to shore
A47: Planting | B47: PLOT AREA | C47: (m2) | D47: area of transplant location, but not area that is planted with eelgrass - that's effective area. | E47: e.g., 3 replicate test plots planted in a 10 m by 0.5 m plot area (5 m2 plot area)
A48: Planting | B48: PLANTED AREA | C48: (m2) | D48: area of contiguous plantings within the plot area; in many cases the planted footprint will be the same as the plot area, however in some cases this is a smaller area within the plot | E48: e.g., 3 replicate 0.25 m2 plots, equates 0.75 m2 of planted area
A49: Planting | B49: EFFECTIVE AREA PLANTED | C49: (m2) | D49: area that was actually planted with eelgrass (size of planting unit x # planting units). Rebar = 0.5m x 0.05m = 0.025 m2, staple = 0.1m x 0.05m = 0.005 m2, burlap = 0.1 m x 0.4 m = 0.04 m2, turf = 0.1 m x 0.1 m = 0.01 m2, | E49: e.g., 3 sticks of rebar, each covering 50 cm x 5 cm, equates to 3, 0.025 m2 plots, for a total of 0.075 m2 of effective planted area
A50: Planting | B50: # OF PLANTING UNITS | C50: (count of staples, rebar, etc.)
A51: Planting | B51: # OF SHOOTS | D51: number of eelgrass shoots planted
A52: Planting | B52: PLOT SHOOT DENSITY | C52: (shoots m-2 of plot area planted) | D52: shoot density planted relative to plot area planted | E52: for test-plots, this is important if we standardize the test plot area to be 10 m x 0.5 m, so a test plot area of 5 m2
A53: Planting | B53: FOOTPRINT (planted) SHOOT DENSITY | C53: (shoots m-2 of footprint area planted) | D53: shoot density planted relative to planted footprint area planted | E53: footprint shoot density is really the planted shoot density,
A54: Planting | B54: EFFECTIVE SHOOT DENSITY | C54: (shoots m-2 of effective area planted) | D54: shoot density planted relative to effective area planted | E54: ridiculous
A55: Planting | B55: DONOR SITE LOCATION | C55: (Donor plants source | D55: site where donor plants were harvested
A56: Planting | B56: NOTES | D56: additional notes
A58: Monitoring | B58: SITE LOCATION | D58: general area or embayment that the site is located
A59: Monitoring | B59: SITE NAME | D59: characteristics that identify specific planting. Information includes: site location, who did it, where within site, type, year
A60: Planting | B60: ACTIVITY TYPE | C60: (test planting, large-scale planting) | D60: Type of restoration activity performed at site
A61: Monitoring | B61: PLANTING DATE | C61: (YYYY-MM-DD) | D61: date of eelgrass restoration activity
A62: Monitoring | B62: PLANTED AREA | C62: (m2) | D62: area of contiguous plantings within the plot area; in many cases the planted footprint will be the same as the plot area, however in some cases this is a smaller area within the plot
A63: Monitoring | B63: # OF SHOOTS PLANTED | D63: number of eelgrass shoots planted
A64: Monitoring | B64: MONITORING ENTITY | D64: Organization who conducted the monitoring
A65: Monitoring | B65: MONITORING DATE | C65: (YYYY-MM-DD) | D65: date of eelgrass monitoring activity
A66: Monitoring | B66: STATUS - QUAL | C66: (present, absent, unknown) | D66: qualitative assessment of eelgrass
A67: Monitoring | B67: STATUS - COUNT | C67: (shoot count) | D67: number of eelgrass shoots measured
A68: Monitoring | B68: STATUS - AREA | C68: (area, m2) | D68: area of eelgrass monitored, for some assessments could be the same value as the Planted Area
A69: Monitoring | B69: STATUS - SHOOT DENSITY | C69: (shoots m-2) | D69: ratio of Status - Count to Status - Area
A70: Monitoring | B70: STATUS - TIME INTERVAL | C70: (Days since planted) | D70: Calculated as Monitoring Date - Planting Date
A71: Monitoring | B71: STATUS - SURVIVAL | C71: (%) | D71: percent of original number of shoots planted
A72: Monitoring | B72: NOTES
A74: Donor Sites | B74: SITE NAME | D74: characteristics that identify specific planting. Information includes: site location, who did it, where within site, type, year | E74: Maybe this goes away!!!!
A75: Donor Sites | B75: WATER BODY | D75: body of water where site resides
A76: Donor Sites | B76: SVMP REGION | D76: Submerged Vegetation Monitoring Program region site is located
A77: Donor Sites | B77: DATA TYPE | C77: (point, polygon, transect) | D77: lat/long coordinate represents point data or multiple coordinates represent a polygon or transect
A78: Donor Sites | B78: LATITUDE | C78: (dec deg) | D78: latitude in decimal degrees, precision to 0.00001 degrees
A79: Donor Sites | B79: LONGITUDE | C79: (dec deg) | D79: longitude in decimal degrees, precision to 0.00001 degrees
A80: Donor Sites | B80: DATUM | C80: (WGS84, NAVD83) | D80: geographic datum of the GPS that collected the lat/long data
A81: Donor Sites | B81: NOTES | D81: additional notes
A83: Sensors | B83: SITE LOCATION | D83: general area or embayment that the site is located
A84: Sensors | B84: SITE NAME | D84: characteristics that identify specific location
A85: Sensors | B85: CONTRACTOR | D85: contractor DNR hired to complete project
A86: Sensors | B86: PERMIT REF #
A87: Sensors | B87: YEAR PLANTED | D87: Year site planted if site is a restoration site
A88: Sensors | B88: HABITAT TYPE | C88: (eelgrass, sand) | D88: conditions surrounding sensor placement
A89: Sensors | B89: HABITAT CATEGORY | C89: (veg, unveg) | D89: vegetated or unvegetated
A90: Sensors | B90: RESTORATION TYPE | C90: (test, large) | D90: type of restoration if site planted
A91: Sensors | B91: WATER COLUMN LOCATION | D91: location of sensor in water column
A92: Sensors | B92: SENSOR TYPE | D92: metric that the sensor is measuring (e.g., PAR or conductivity)
A93: Sensors | B93: SENSOR SERIAL # | D93: sensor serial number for identifying sensor
A94: Sensors | B94: SENSOR DEPLOYMENT DATE | C94: (YYYY-MM-DD) | D94: date sensor deployed
A95: Sensors | B95: SENSOR DEPLOYMENT TIME | D95: time sensor deployed; important for knowing when the sensor is collecting valid data
A96: Sensors | B96: SENSOR RETRIEVAL DATE | C96: (YYYY-MM-DD) | D96: date sensor retrieved
A97: Sensors | B97: SENSOR RETRIEVAL TIME | D97: time sensor retrieved; important for knowing when the sonsor is collecting valid data
A98: Sensors | B98: SENSOR ELEVATION | C98: (m, MLLW) | D98: corrected elevation of sensor based on depth and tides in meters relative to MLLW
A99: Sensors | B99: COMMENTS
A100: Sensors | B100: GPS | C100: (boat, Trimble, Garmin) | D100: GPS used to determine location
A101: Sensors | B101: LATITUDE | C101: (dec deg) | D101: latitude in decimal degrees, precision to 0.00001 degrees
A102: Sensors | B102: LONGITUDE | C102: (dec deg) | D102: longitude in decimal degrees, precision to 0.00001 degrees
A103: Sensors | B103: DATUM | C103: (WGS84, NAVD83) | D103: geographic datum of the GPS that collected the lat/long data

Sheet Assessments
A1: DATE | B1: PROJECT | C1: SITE | D1: SITE NAME | E1: SITE TYPE | F1: ASSESSMENT TYPE | G1: ASSESSMENT METHOD | H1: POINT - Latitude | I1: POINT - Longitude | J1: DRIFT FINISH - Latitude | K1: DRIFT FINISH - Longitude | L1: DATUM | M1: ELEVATION | N1: WATER | O1: SEDIMENT | P1: EELGRASS | Q1: ASSESSMENT STATUS | R1: NOTES | S1: ANCILLARY DATA
A2: (YYYY-MM-DD) | E2: (restoration, existing) | F2: (point, drift) | G2: (surface, camera, diver, sounder) | H2: (dec deg) | I2: (dec deg) | J2: (dec deg) | K2: (dec deg) | L2: (WGS84, NAD83) | M2: (m, MLLW) | N2: (clear, turbid) | O2: (mud/silt, fine sand, coarse sand, cobble, bedrock) | P2: (absent, sparse, present, dense) | Q2: (poor, moderate, good, na)
A3: 41215 | B3: DNR 2020 | C3: NE Squamish Harbor | D3: NE Squamish Harbor-PNNL-2012 Site Assessment point | E3: restoration | F3: point | G3: camera | H3: 47.86305 | I3: -122.69147 | L3: WGS84 | M3: -1.7 | N3: clear | O3: sand | P3: present | Q3: na | R3: zm patch | S3: 2012_1102to1113_EelgrassSiteAssessments.pdf
A4: 41215 | B4: DNR 2020 | C4: NE Squamish Harbor | D4: NE Squamish Harbor-PNNL-2012 Site Assessment track | E4: restoration | F4: drift | G4: camera | H4: 47.86237 | I4: -122.69047 | J4: 47.86527 | K4: -122.68908 | L4: WGS84 | M4: -3.4 | N4: clear | O4: sand | P4: sparse | Q4: na | R4: elevation range from -0.8m to -7.0m, some cobble and some fines mixed with sand, some zm shoots separated from the patch, many houses w/ docks on shoreline possible increased boat traffic in summer | S4: 2012_1102to1113_EelgrassSiteAssessments.pdf
A5: 41215 | B5: DNR 2020 | C5: Port Gamble | D5: Port Gamble-PNNL-2012 Site Assessment point | E5: restoration | F5: point | G5: camera | H5: 47.823333 | I5: -122.57913 | L5: WGS84 | M5: -8.2 | N5: clear | O5: mud/silt | P5: absent | Q5: poor | R5: very muddy | S5: 2012_1102to1113_EelgrassSiteAssessments.pdf
A6: 41215 | B6: DNR 2020 | C6: Port Gamble | D6: Port Gamble-PNNL-2012 Site Assessment track | E6: restoration | F6: drift | G6: camera | H6: 47.822717 | I6: -122.58055 | J6: 47.820717 | K6: -122.5799 | L6: WGS84 | M6: -3.2 | N6: clear | O6: mud/silt | P6: absent | Q6: poor | R6: elevation range from -2.5m to -3.5m, red/brown algae clumps and sand dollars, sediment mounds (worms?) | S6: 2012_1102to1113_EelgrassSiteAssessments.pdf
A7: 41215 | B7: DNR 2020 | C7: Port Gamble | D7: Port Gamble-PNNL-2012 Site Assessment zigzag | E7: restoration | F7: drift | G7: camera | H7: 47.820717 | I7: -122.5799 | J7: 47.822733 | K7: -122.57442 | L7: WGS84 | M7: -5.2 | N7: clear | O7: mud/silt | P7: absent | Q7: poor | R7: elevation range from -2.5m to -7m, started zigzag pattern E/SE along base of bay, more fines, red/brown algae clumps, | S7: 2012_1102to1113_EelgrassSiteAssessments.pdf
A8: 41215 | B8: DNR 2020 | C8: Squamish Bay Shoal | D8: Suquamish Bay Shoal-PNNL-2012 Site Assessment point 1 | E8: restoration | F8: point | G8: camera | H8: 47.8486 | I8: -122.6739 | L8: WGS84 | M8: -2.2 | N8: clear | O8: cobble | P8: present | Q8: na | R8: small patch near another small patch | S8: 2012_1102to1113_EelgrassSiteAssessments.pdf
A9: 41215 | B9: DNR 2020 | C9: Squamish Bay Shoal | D9: Suquamish Bay Shoal-PNNL-2012 Site Assessment track 1 | E9: restoration | F9: drift | G9: camera | H9: =47+(51.258/60) -> 47.8543 | I9: =-1*(122+(40.447/60)) -> -122.67412 | J9: =47+(51.345/60) -> 47.85575 | K9: =-1*(122+(40.297/60)) -> -122.67162 | L9: WGS84 | M9: -3.6 | N9: clear | O9: sand, cobble | P9: dense | Q9: na | R9: elevation range from -2.5m to -5.9m, eelgrass present with some mixed kelp, zm ends approx -4.4m | S9: 2012_1102to1113_EelgrassSiteAssessments.pdf, video file 20161102-110155
A10: 41215 | B10: DNR 2020 | C10: Squamish Bay Shoal | D10: Suquamish Bay Shoal-PNNL-2012 Site Assessment track 2 | E10: restoration | F10: drift | G10: camera | H10: 47.8471 | I10: -122.67552 | J10: 47.848733 | K10: -122.67398 | L10: WGS84 | M10: -4.7 | N10: clear | O10: cobble | P10: sparse | Q10: na | R10: elevation range from -2.7m to -8.9m, some zm patches with some kelp | S10: 2012_1102to1113_EelgrassSiteAssessments.pdf
A11: 41220 | B11: DNR 2020 | C11: Fey Bainbridge | D11: Fey Bainbridge-PNNL-2012 Site Assessment | E11: restoration | F11: drift | G11: camera | H11: 47.689933 | I11: -122.50038 | J11: 47.690583 | K11: -122.5013 | L11: WGS84 | M11: -1.5 | N11: clear | O11: sand | P11: dense | Q11: na | R11: elevation range from 0.4m to -3.5m, large thick meadow with small patches nearby | S11: 2012_1102to1113_EelgrassSiteAssessments.pdf
A12: 41220 | B12: DNR 2020 | C12: Liberty Bay | D12: Liberty Bay "why not"-PNNL-2012 Site Assessment | E12: restoration | F12: drift | G12: camera | H12: 47.705867 | I12: -122.60947 | J12: 47.707333 | K12: -122.61253 | L12: WGS84 | M12: -1.7 | N12: clear | O12: sand | P12: absent | Q12: poor | R12: elevation range from -4.4m to -0.1m, substrate sand to more course, not promising by worth test planting if already planting nearby | S12: 2012_1102to1113_EelgrassSiteAssessments.pdf
A13: 41220 | B13: DNR 2020 | C13: Liberty Bay | D13: Liberty Bay mouth-PNNL-2012 Site Assessment point | E13: restoration | F13: point | G13: camera | H13: 47.692033 | I13: -122.59348 | L13: WGS84 | M13: -0.2 | N13: clear | O13: sand | P13: absent | Q13: moderate | R13: definite shipt in substrate from sand to cobble and lots of shells | S13: 2012_1102to1113_EelgrassSiteAssessments.pdf
A14: 41220 | B14: DNR 2020 | C14: Liberty Bay | D14: Liberty Bay mouth-PNNL-2012 Site Assessment track 1 | E14: restoration | F14: drift | G14: camera | H14: 47.690733 | I14: -122.59237 | J14: 47.692333 | K14: -122.59368 | L14: WGS84 | M14: -1.6 | N14: clear | O14: sand | P14: absent | Q14: moderate | R14: elevation range from -1.6m to -3.1m, lots of kelp with sand and ulva | S14: 2012_1102to1113_EelgrassSiteAssessments.pdf
A15: 41220 | B15: DNR 2020 | C15: Liberty Bay | D15: Liberty Bay mouth-PNNL-2012 Site Assessment track 2 | E15: restoration | F15: drift | G15: camera | H15: 47.692367 | I15: -122.5949 | J15: 47.69365 | K15: -122.59627 | L15: WGS84 | M15: -1.2 | N15: clear | O15: sand | P15: absent | Q15: moderate | R15: elevation range from -0.2m to -1.2m, many tube worms visible out of substrate, might be good spot between upper kelp band and shallower shell/cobble band, not sure why zm not here unless there is too much exposure, worth revisiting | S15: 2012_1102to1113_EelgrassSiteAssessments.pdf
A16: 41220 | B16: DNR 2020 | C16: Miller Bay | D16: Miller Bay-PNNL-2012 Site Assessment point | E16: restoration | F16: point | G16: camera | H16: 47.74505 | I16: -122.52948 | L16: WGS84 | M16: -1.9 | N16: clear | O16: sand | P16: dense | Q16: na | R16: elevation range from 0.6m to -5.8m, drifting NNW, short patchy zm, substrate has wave ripples, moorings and docks along shore out to ~250m from shoreline | S16: 2012_1102to1113_EelgrassSiteAssessments.pdf
A17: 41220 | B17: DNR 2020 | C17: Miller Bay | D17: Miller Bay-PNNL-2012 Site Assessment track 1 | E17: restoration | F17: drift | G17: camera | H17: 47.7447 | I17: -122.53487 | J17: 47.746167 | K17: -122.5358 | L17: WGS84 | M17: 0.4 | N17: clear | O17: sand | P17: dense | Q17: na | R17: elevation range from 0.5m to 0.2m, drifting NNW, small tufty patches of grass | S17: 2012_1102to1113_EelgrassSiteAssessments.pdf
A18: 41220 | B18: DNR 2020 | C18: Miller Bay | D18: Miller Bay-PNNL-2012 Site Assessment track 2 | E18: restoration | F18: drift | G18: camera | H18: 47.7431 | I18: -122.54483 | J18: 47.74345 | K18: -122.5469 | L18: WGS84 | M18: -2 | N18: clear | O18: sand | P18: dense | Q18: na | R18: elevation range from -1.6m to -2.2m, near mouth of miller bay, grass in channel, very healthy | S18: 2012_1102to1113_EelgrassSiteAssessments.pdf
A19: 41221 | B19: DNR 2020 | C19: Anderson Island | D19: Anderson Island, Amsterdam Bay- PNNL-2012 Site Assessment | E19: restoration | F19: drift | G19: camera | H19: 47.158367 | I19: -122.72148 | J19: 47.158867 | K19: -122.72258 | L19: WGS84 | M19: -0.8 | N19: clear | O19: sand | P19: absent | Q19: good | R19: some algae, appears settled, appears to be a good site for planting, only concern is depth and recreational dock | S19: 2012_1102to1113_EelgrassSiteAssessments.pdf
A20: 41221 | B20: DNR 2020 | C20: Anderson Island | D20: Anderson Island, outside Amsterdam Bay-PNNL-2012 Site Assessment | E20: restoration | F20: drift | G20: camera | H20: 47.161467 | I20: -122.72612 | J20: 47.1623 | K20: -122.72808 | L20: WGS84 | M20: -2.7 | N20: turbid | O20: sand | P20: absent | Q20: moderate | R20: elevation range from -0.9m to -3.5m, green and red algae patches, "turfing" red algae, open sand with little vegetation | S20: 2012_1102to1113_EelgrassSiteAssessments.pdf
A21: 41221 | B21: DNR 2020 | C21: Dickerson Point | D21: Dickerson Point-PNNL-2012 Site Assessment | E21: restoration | F21: drift | G21: camera | H21: 47.166717 | I21: -122.84873 | J21: 47.15995 | K21: -122.84717 | L21: WGS84 | M21: -1 | N21: clear | O21: sand | P21: absent | Q21: moderate | R21: elevation range from 0.5m to -4.7m, sand dollars, sand not veg, patches of red algae, substrate and slope good, unsre of target depth, moorings could indicate heavy summer traffic | S21: 2012_1102to1113_EelgrassSiteAssessments.pdf
A22: 41221 | B22: DNR 2020 | C22: Dover Point | D22: Dover Point-PNNL-2012 Site Assessment | E22: restoration | F22: drift | G22: camera | H22: 47.145383 | I22: -122.89117 | J22: 47.146083 | K22: -122.8928 | L22: WGS84 | M22: -0.7 | N22: turbid | O22: sand | P22: absent | Q22: poor | R22: elevation range from 0.9m to -3.6m, substrate and grade look good but don't know appropriate target depth at this location, suspect it gets storm exposure | S22: 2012_1102to1113_EelgrassSiteAssessments.pdf
A23: 41221 | B23: DNR 2020 | C23: Joemma State Park | D23: Joemma State Park, Case Inlet-PNNL-2012 Site Assessment | E23: restoration | F23: drift | G23: camera | H23: 47.22145 | I23: -122.80993 | J23: 47.223867 | K23: -122.81177 | L23: WGS84 | M23: -0.9 | N23: clear | O23: sand, cobble | P23: absent | Q23: good | R23: elevation range from 0.3m to -2.3m, substrate varies from sand to cobble, drift was zig zag pattern, some algae near pilings, state park has mooring and docks, potential if kept away from moorings and docks. Will probably be a narrow fringe, perhaps test planting should be lon and narrow band perpendicular to shore | S23: 2012_1102to1113_EelgrassSiteAssessments.pdf
A24: 41221 | B24: DNR 2020 | C24: McMicken and Harstine Island | D24: McMicken and Harstine Island-PNNL-2012 Site Assessment drift 1 | E24: restoration | F24: drift | G24: camera | H24: 47.245233 | I24: -122.8649 | J24: 47.242783 | K24: -122.86483 | L24: WGS84 | M24: -0.3 | N24: clear | O24: sand | P24: absent | Q24: moderate | R24: elevation range from 0.0m to -0.7m, lots of ulva and sand, may be an approriate site for test plant but not first choice because of ulva and possible exposure | S24: 2012_1102to1113_EelgrassSiteAssessments.pdf
A25: 41221 | B25: DNR 2020 | C25: McMicken and Harstine Island | D25: McMicken and Harstine Island-PNNL-2012 Site Assessment drift 2 | E25: restoration | F25: drift | G25: camera | H25: 47.246983 | I25: -122.86718 | J25: 47.246067 | K25: -122.86803 | L25: WGS84 | M25: -1.6 | N25: clear | O25: sand | P25: absent | Q25: poor | R25: elevation range from -0.2m to -3.6m, possible rocky under sand, kelp and lots of ulva | S25: 2012_1102to1113_EelgrassSiteAssessments.pdf
A26: 41221 | B26: DNR 2020 | C26: Anderson Island | D26: NE Anderson Island-PNNL-2012 Site Assessment | E26: restoration | F26: drift | G26: camera | H26: 47.181433 | I26: -122.68098 | J26: 47.181333 | K26: -122.6816 | L26: WGS84 | M26: -1.6 | N26: clear | O26: cobble | P26: absent | Q26: poor | R26: elevation range from -0.1m to -3.2m, due to substrate and fetch from nw, high exposure, not a good candidate site | S26: 2012_1102to1113_EelgrassSiteAssessments.pdf
A27: 41221 | B27: DNR 2020 | C27: Anderson Island | D27: NW Anderson Island (CPS1285)-PNNL-2012 Site Assessment | E27: restoration | F27: drift | G27: camera | H27: 47.178683 | I27: -122.7218 | J27: 47.179983 | K27: -122.72 | L27: WGS84 | M27: -2.2 | N27: clear | O27: sand | P27: absent | Q27: moderate | R27: elevation range from 0.2m to -4.8m, could grow a narrow fringe here | S27: 2012_1102to1113_EelgrassSiteAssessments.pdf
A28: 41225 | B28: DNR 2020 | C28: Crescent Harbor | D28: Crescent Harbor-PNNL-2012 Site Assessment | E28: restoration | F28: drift | G28: camera | H28: 48.293567 | I28: -122.61293 | J28: 48.29525 | K28: -122.61338 | L28: WGS84 | M28: -1.3 | N28: turbid | O28: sand | P28: sparse | Q28: na | R28: elevation range from 0.5m to -3.4m, extensive sparse, thin density meadow of zm | S28: 2012_1102to1113_EelgrassSiteAssessments.pdf
... A34: 41226 | B34: DNR 2020 | C34: Decator Island | D34: Decator Island-PNNL-2012 Site Assessment | E34: restoration | F34: drift | G34: camera | H34: 48.496717 | I34: -122.8216 | J34: 48.49795 | K34: -122.82053 | L34: WGS84 | M34: -4 | N34: turbid | O34: mud/silt, fine sand | P34: present | Q34: na | R34: elevation range from -0.3m to -6.7m, very muddy, with sand, shallow zm patchy but can be dense | S34: 2012_1102to1113_EelgrassSiteAssessments.pdf
A35: 41226 | B35: DNR 2020 | C35: Decator Island | D35: Decator Island-PNNL-2012 Site Assessment point 1 | E35: restoration | F35: point | G35: camera | H35: 48.497233 | I35: -122.8187 | L35: WGS84 | M35: -1.1 | N35: turbid | O35: mud/silt, fine sand | P35: present | Q35: na | R35: small thick patch of zm, | S35: 2012_1102to1113_EelgrassSiteAssessments.pdf
A36: 41226 | B36: DNR 2020 | C36: Decator Island | D36: Decator Island-PNNL-2012 Site Assessment point 2 | E36: restoration | F36: point | G36: camera | H36: 48.498133 | I36: -122.81757 | L36: WGS84 | M36: 0 | N36: turbid | O36: mud/silt, fine sand | P36: present | Q36: na | R36: large healthy meadow of zm, quite dense | S36: 2012_1102to1113_EelgrassSiteAssessments.pdf
A37: 41226 | B37: DNR 2020 | C37: Guemes Island - east | D37: Guemes Island - east -PNNL-2012 Site Assessment point | E37: restoration | F37: point | G37: camera | H37: 48.577983 | I37: -122.63238 | L37: WGS84 | M37: -2.9 | N37: turbid | O37: sand | P37: present | Q37: na | R37: zm habitat and grass look healthy, thin but long shoots among kelp and some algae | S37: 2012_1102to1113_EelgrassSiteAssessments.pdf
A38: 41226 | B38: DNR 2020 | C38: Guemes Island - west | D38: Guemes Island - west -PNNL-2012 Site Assessment drift | E38: restoration | F38: drift | G38: camera | H38: 48.55985 | I38: -122.64855 | J38: 48.5618 | K38: -122.64605 | L38: WGS84 | M38: -3.3 | N38: turbid | O38: sand, coarse sand | P38: sparse | Q38: na | R38: elevation range from -1.6m to -5.8m, habitat looks healthy, zm is a wide swath | S38: 2012_1102to1113_EelgrassSiteAssessments.pdf
A39: 41226 | B39: DNR 2020 | C39: Orcas Island | D39: Orcas Island-PNNL-2012 Site Assessment drift | E39: restoration | F39: drift | G39: camera | H39: 48.6892 | I39: -122.89072 | J39: 48.692217 | K39: -122.88973 | L39: WGS84 | M39: -2 | N39: clear | O39: sand | P39: dense | Q39: na | R39: lots of zm, some with algae, all very healthy | S39: 2012_1102to1113_EelgrassSiteAssessments.pdf
A40: 41226 | B40: DNR 2020 | C40: Orcas Island | D40: Orcas Island-PNNL-2012 Site Assessment point | E40: restoration | F40: point | G40: camera | H40: 48.6902 | I40: -122.8906 | L40: WGS84 | M40: -1.8 | N40: clear | O40: sand | P40: dense | Q40: na | R40: zm bed | S40: 2012_1102to1113_EelgrassSiteAssessments.pdf
A41: 41968 | B41: Eelgrass Restoration in PS | C41: Key Peninsula-east | D41: Key Peninsula-east-PNNL-2014 Site Assessment point 1 | E41: restoration | F41: point | G41: camera | H41: 47.273228 | I41: -122.75415 | L41: WGS84 | M41: -1.524 | O41: sand | P41: present | Q41: na | R41: sandy w/ eelgrass. Eelgrass present at elevations -0.9, -1.9, -0.1 but eelgrass is patchy. | S41: 2014_1125_S Sound out of Home.pdf
A42: 41968 | B42: Eelgrass Restoration in PS | C42: Key Peninsula-east | D42: Key Peninsula-east-PNNL-2014 Site Assessment point 10 | E42: restoration | F42: point | G42: camera | H42: 47.25605 | I42: -122.73737 | L42: WGS84 | M42: -1.28016 | O42: cobble | P42: absent | Q42: poor | R42: cobble | S42: 2014_1125_S Sound out of Home.pdf
A43: 41968 | B43: Eelgrass Restoration in PS | C43: Key Peninsula-east | D43: Key Peninsula-east-PNNL-2014 Site Assessment point 11 | E43: restoration | F43: point | G43: camera | H43: 47.254883 | I43: -122.73687 | L43: WGS84 | M43: -0.70104 | O43: sand | P43: absent | Q43: good | R43: sandy, good potential | S43: 2014_1125_S Sound out of Home.pdf
A44: 41968 | B44: Eelgrass Restoration in PS | C44: Key Peninsula-east | D44: Key Peninsula-east-PNNL-2014 Site Assessment point 12 | E44: restoration | F44: point | G44: camera | H44: 47.254767 | I44: -122.7369 | L44: WGS84 | M44: -0.12192 | O44: cobble | P44: absent | Q44: poor | R44: cobble | S44: 2014_1125_S Sound out of Home.pdf
A45: 41968 | B45: Eelgrass Restoration in PS | C45: Key Peninsula-east | D45: Key Peninsula-east-PNNL-2014 Site Assessment point 13 | E45: restoration | F45: point | G45: camera | H45: 47.252983 | I45: -122.73467 | L45: WGS84 | M45: -0.48768 | O45: sand | P45: absent | Q45: good | R45: sand, good potential, some ulva | S45: 2014_1125_S Sound out of Home.pdf
A46: 41968 | B46: Eelgrass Restoration in PS | C46: Key Peninsula-east | D46: Key Peninsula-east-PNNL-2014 Site Assessment point 14 | E46: restoration | F46: point | G46: camera | H46: 47.249833 | I46: -122.72727 | L46: WGS84 | M46: -1.49352 | O46: sand | P46: absent | Q46: good | R46: sandy, good potential, big area | S46: 2014_1125_S Sound out of Home.pdf
A47: 41968 | B47: Eelgrass Restoration in PS | C47: Key Peninsula-east | D47: Key Peninsula-east-PNNL-2014 Site Assessment point 15 | E47: restoration | F47: point | G47: camera | H47: 47.248817 | I47: -122.72475 | L47: WGS84 | M47: -0.39624 | O47: sand | P47: absent | Q47: good | R47: still sandy | S47: 2014_1125_S Sound out of Home.pdf
A48: 41968 | B48: Eelgrass Restoration in PS | C48: Key Peninsula-east | D48: Key Peninsula-east-PNNL-2014 Site Assessment point 16 | E48: restoration | F48: point | G48: camera | H48: 47.249267 | I48: -122.72467 | L48: WGS84 | M48: -1.0668 | O48: sand | P48: absent | Q48: moderate | R48: sandy, ulva covering bottom, mod potential, maybe too much algae deposition | S48: 2014_1125_S Sound out of Home.pdf
A49: 41968 | B49: Eelgrass Restoration in PS | C49: Key Peninsula-east | D49: Key Peninsula-east-PNNL-2014 Site Assessment point 17 | E49: restoration | F49: point | G49: camera | H49: 47.24965 | I49: -122.72407 | L49: WGS84 | M49: -1.40208 | O49: sand | P49: absent | Q49: moderate | R49: mod, patchy ulva, still sandy | S49: 2014_1125_S Sound out of Home.pdf
A50: 41968 | B50: Eelgrass Restoration in PS | C50: Key Peninsula-east | D50: Key Peninsula-east-PNNL-2014 Site Assessment point 18 | E50: restoration | F50: point | G50: camera | H50: 47.250017 | I50: -122.72338 | L50: WGS84 | M50: -1.73736 | P50: absent | Q50: poor | R50: poor, heavy ulva | S50: 2014_1125_S Sound out of Home.pdf
A51: 41968 | B51: Eelgrass Restoration in PS | C51: Key Peninsula-east | D51: Key Peninsula-east-PNNL-2014 Site Assessment point 19 | E51: restoration | F51: point | G51: camera | H51: 47.25025 | I51: -122.7229 | L51: WGS84 | M51: -1.18872 | O51: sand | P51: absent | Q51: good | R51: good site, less ulva, sandy | S51: 2014_1125_S Sound out of Home.pdf
A52: 41968 | B52: Eelgrass Restoration in PS | C52: Key Peninsula-east | D52: Key Peninsula-east-PNNL-2014 Site Assessment point 20 | E52: restoration | F52: point | G52: camera | H52: 47.2507 | I52: -122.7224 | L52: WGS84 | M52: -1.2192 | P52: absent | Q52: good | R52: good site, less ulva | S52: 2014_1125_S Sound out of Home.pdf
A53: 41968 | B53: Eelgrass Restoration in PS | C53: Key Peninsula-east | D53: Key Peninsula-east-PNNL-2014 Site Assessment point 21 | E53: restoration | F53: point | G53: camera | H53: 47.25115 | I53: -122.72168 | L53: WGS84 | M53: -1.24968 | O53: cobble | P53: absent | Q53: moderate | R53: mod, more ulva, more cobble, mod potential | S53: 2014_1125_S Sound out of Home.pdf
A54: 41968 | B54: Eelgrass Restoration in PS | C54: Key Peninsula-east | D54: Key Peninsula-east-PNNL-2014 Site Assessment point 5 | E54: restoration | F54: point | G54: camera | H54: 47.27344 | I54: -122.74705 | L54: WGS84 | M54: -1.73736 | O54: cobble | P54: absent | Q54: poor | R54: cobble, cps2015 | S54: 2014_1125_S Sound out of Home.pdf
A55: 41968 | B55: Eelgrass Restoration in PS | C55: Key Peninsula-east | D55: Key Peninsula-east-PNNL-2014 Site Assessment point 6 | E55: restoration | F55: point | G55: camera | H55: 47.26659 | I55: -122.73694 | L55: WGS84 | M55: -0.03048 | O55: cobble | P55: absent | Q55: poor | R55: cobble at point, cps2012 | S55: 2014_1125_S Sound out of Home.pdf
A56: 41968 | B56: Eelgrass Restoration in PS | C56: Key Peninsula-east | D56: Key Peninsula-east-PNNL-2014 Site Assessment point 7 | E56: restoration | F56: point | G56: camera | H56: 47.26596 | I56: -122.73585 | L56: WGS84 | M56: -2.25552 | O56: cobble | P56: absent | Q56: poor | R56: looking around pt of small spit, cobble, cps2012 | S56: 2014_1125_S Sound out of Home.pdf
A57: 41968 | B57: Eelgrass Restoration in PS | C57: Key Peninsula-east | D57: Key Peninsula-east-PNNL-2014 Site Assessment point 8 | E57: restoration | F57: point | G57: camera | H57: 47.25374 | I57: -122.73557 | L57: WGS84 | M57: -3.3528 | P57: absent | Q57: poor | R57: kelp, cps2010 | S57: 2014_1125_S Sound out of Home.pdf
A58: 41968 | B58: Eelgrass Restoration in PS | C58: Key Peninsula-east | D58: Key Peninsula-east-PNNL-2014 Site Assessment point 9 | E58: restoration | F58: point | G58: camera | H58: 47.256617 | I58: -122.73763 | L58: WGS84 | M58: -0.94488 | O58: sand | P58: absent | Q58: good | R58: sandy, smiant ulva, good potential | S58: 2014_1125_S Sound out of Home.pdf
A59: 41968 | B59: Eelgrass Restoration in PS | C59: McNeil Island | D59: McNeil Island-PNNL-2014 Site Assessment1 | E59: restoration | F59: point | G59: camera | H59: 47.2179 | I59: -122.65757 | L59: WGS84 | M59: -0.97536 | O59: sand | P59: absent | Q59: good | R59: good site, bare, sandy | S59: 2014_1125_S Sound out of Home.pdf
A60: 41968 | B60: Eelgrass Restoration in PS | C60: McNeil Island | D60: McNeil Island-PNNL-2014 Site Assessment2 | E60: restoration | F60: point | G60: camera | H60: 47.224767 | I60: -122.67308 | L60: WGS84 | M60: -0.70104 | O60: sand | P60: absent | Q60: good | R60: good site, range 9-12', bare sand, little ulva | S60: 2014_1125_S Sound out of Home.pdf
A61: 41968 | B61: Eelgrass Restoration in PS | C61: McNeil Island | D61: McNeil Island-PNNL-2014 Site Assessment3 | E61: restoration | F61: point | G61: camera | H61: 47.23205 | I61: -122.69778 | L61: WGS84 | M61: -1.00584 | O61: sand | P61: absent | Q61: good | R61: good site, range 10-15', bare sm. Ant ulva, sand | S61: 2014_1125_S Sound out of Home.pdf
A62: 41968 | B62: Eelgrass Restoration in PS | C62: McNeil Island | D62: McNeil Island-PNNL-2014 Site Assessment4 | E62: restoration | F62: point | G62: camera | H62: 47.232117 | I62: -122.69473 | L62: WGS84 | M62: -1.03632 | P62: absent | Q62: good | R62: good site, range 10-15' | S62: 2014_1125_S Sound out of Home.pdf
A63: 41968 | B63: Eelgrass Restoration in PS | C63: McNeil Island | D63: McNeil Island-PNNL-2014 Site Assessment5 | E63: restoration | F63: point | G63: camera | H63: 47.232433 | I63: -122.68923 | L63: WGS84 | M63: -1.70688 | O63: sand | P63: absent | Q63: moderate | R63: mod, sandy, little bit east of ulva | S63: 2014_1125_S Sound out of Home.pdf
A64: 41968 | B64: Eelgrass Restoration in PS | C64: McNeil Island | D64: McNeil Island-PNNL-2014 Site Assessment6 | E64: restoration | F64: point | G64: camera | H64: 47.232617 | I64: -122.68628 | L64: WGS84 | M64: -1.15824 | O64: sand | P64: absent | Q64: moderate | R64: mod, sandy, little bit of ulva | S64: 2014_1125_S Sound out of Home.pdf
A65: 41968 | B65: Eelgrass Restoration in PS | C65: Wyckoff Shoal | D65: Wyckoff Shoal-PNNL-2014 Site Assessment1 | E65: restoration | F65: point | G65: camera | H65: 47.237917 | I65: -122.70738 | L65: WGS84 | M65: -0.88392 | O65: cobble | P65: absent | Q65: poor | R65: poor, rocky, cobble, kelp | S65: 2014_1125_S Sound out of Home.pdf
A66: 41968 | B66: Eelgrass Restoration in PS | C66: Wyckoff Shoal | D66: Wyckoff Shoal-PNNL-2014 Site Assessment2 | E66: restoration | F66: point | G66: camera | H66: 47.2385 | I66: -122.70662 | L66: WGS84 | M66: -2.4384 | P66: sparse | Q66: na | R66: present patchy zm | S66: 2014_1125_S Sound out of Home.pdf
A67: 41968 | B67: Eelgrass Restoration in PS | C67: Wyckoff Shoal | D67: Wyckoff Shoal-PNNL-2014 Site Assessment3 | E67: restoration | F67: point | G67: camera | H67: 47.239117 | I67: -122.70875 | L67: WGS84 | M67: -1.15824 | P67: dense | Q67: na | R67: present, clean plants, laying down, good donor area | S67: 2014_1125_S Sound out of Home.pdf
A68: 41968 | B68: Eelgrass Restoration in PS | C68: Wyckoff Shoal | D68: Wyckoff Shoal-PNNL-2014 Site Assessment4 | E68: restoration | F68: point | G68: camera | H68: 47.239233 | I68: -122.71207 | L68: WGS84 | M68: -1.0668 | O68: sand | P68: dense | Q68: na | R68: present, eelgrass sandy, big healthy plants | S68: 2014_1125_S Sound out of Home.pdf
A69: 42048 | B69: Eelgrass Restoration in PS | C69: Camano Island | D69: Camano Island (east)-PNNL-2015 Site Assessment1 | E69: restoration | F69: point | G69: camera | H69: 48.057367 | I69: -122.35573 | L69: WGS84 | M69: -1.34112 | N69: clear | O69: sand | P69: present | Q69: na | R69: Sandy with eelgrass; depth range -0.2 m to -1.6 m, MLLW | S69: 2015_0213_PortSusan_Mulkutio.pdf
A70: 42048 | B70: Eelgrass Restoration in PS | C70: Camano Island | D70: Camano Island (east)-PNNL-2015 Site Assessment10 | E70: restoration | F70: point | G70: camera | H70: 48.177733 | I70: -122.47547 | L70: WGS84 | M70: -1.2192 | N70: turbid | O70: fine sand | P70: absent | Q70: moderate | R70: no eelgrass. Not quite so mucky, sticky. Silty but not anoxic? Maybe good for test plot but still maybe too turbid because of resuspension of fine from fetch and from the Snohomish. | S70: 2015_0213_PortSusan_Mulkutio.pdf
A71: 42048 | B71: Eelgrass Restoration in PS | C71: Camano Island | D71: Camano Island (east)-PNNL-2015 Site Assessment11 | E71: restoration | F71: point | G71: camera | H71: 48.1803 | I71: -122.44252 | L71: WGS84 | M71: -1.43256 | N71: turbid | O71: mud/silt | P71: absent | Q71: poor | R71: head of bay; no eelgrass. Seems mucky | S71: 2015_0213_PortSusan_Mulkutio.pdf
A72: 42048 | B72: Eelgrass Restoration in PS | C72: Camano Island | D72: Camano Island (east)-PNNL-2015 Site Assessment12 | E72: restoration | F72: point | G72: camera | H72: 48.186217 | I72: -122.44673 | L72: WGS84 | M72: -0.6096 | N72: turbid | O72: mud/silt | P72: absent | Q72: poor | R72: no eelgrass | S72: 2015_0213_PortSusan_Mulkutio.pdf
A73: 42048 | B73: Eelgrass Restoration in PS | C73: Camano Island | D73: Camano Island (east)-PNNL-2015 Site Assessment13 | E73: restoration | F73: point | G73: camera | H73: 48.187167 | I73: -122.47373 | L73: WGS84 | M73: -0.85344 | N73: turbid | O73: mud/silt | P73: absent | Q73: poor | R73: no eelgrass. Soft, mucky, anoxic? | S73: 2015_0213_PortSusan_Mulkutio.pdf
A74: 42048 | B74: Eelgrass Restoration in PS | C74: Camano Island | D74: Camano Island (east)-PNNL-2015 Site Assessment14 | E74: restoration | F74: point | G74: camera | H74: 48.064733 | I74: -122.36158 | L74: WGS84 | M74: -0.33528 | N74: clear | O74: sand | P74: present | Q74: na | R74: eelgrass; depth range -0.3 m to -2.2 m, MLLW | S74: 2015_0213_PortSusan_Mulkutio.pdf
A75: 42048 | B75: Eelgrass Restoration in PS | C75: Camano Island | D75: Camano Island (east)-PNNL-2015 Site Assessment15 | E75: restoration | F75: point | G75: camera | H75: 48.168283 | I75: -122.47302 | L75: WGS84 | M75: -0.88392 | N75: clear | O75: fine sand | P75: absent | Q75: good | R75: no eelgrass. Sediment is better, may still be fines. Moorings to the south but maybe a good area to north for test transplant until flat start to spread out and sediment is more mucky. | S75: 2015_0213_PortSusan_Mulkutio.pdf
A76: 42048 | B76: Eelgrass Restoration in PS | C76: Camano Island | D76: Camano Island (east)-PNNL-2015 Site Assessment2 | E76: restoration | F76: point | G76: camera | H76: 48.05775 | I76: -122.35608 | L76: WGS84 | M76: -1.64592 | N76: clear | O76: sand | P76: present | Q76: na | R76: Sandy with eelgrass; depth range -0.2 m to -1.6 m, MLLW | S76: 2015_0213_PortSusan_Mulkutio.pdf
A77: 42048 | B77: Eelgrass Restoration in PS | C77: Camano Island | D77: Camano Island (east)-PNNL-2015 Site Assessment3 | E77: restoration | F77: point | G77: camera | H77: 48.058667 | I77: -122.35695 | L77: WGS84 | M77: -1.09728 | N77: clear | O77: sand | P77: present | Q77: na | R77: Sandy with eelgrass; depth range -0.2 m to -1.6 m, MLLW | S77: 2015_0213_PortSusan_Mulkutio.pdf
A78: 42048 | B78: Eelgrass Restoration in PS | C78: Camano Island | D78: Camano Island (east)-PNNL-2015 Site Assessment4 | E78: restoration | F78: point | G78: camera | H78: 48.059683 | I78: -122.35712 | L78: WGS84 | M78: -0.2 | N78: clear | O78: sand | P78: present | Q78: na | R78: eelgrass, narrow fringe | S78: 2015_0213_PortSusan_Mulkutio.pdf
A79: 42048 | B79: Eelgrass Restoration in PS | C79: Camano Island | D79: Camano Island (east)-PNNL-2015 Site Assessment5 | E79: restoration | F79: point | G79: camera | H79: 48.062767 | I79: -122.35875 | L79: WGS84 | M79: -0.3048 | N79: clear | O79: cobble | P79: absent | Q79: poor | R79: cobble, no eelgrass | S79: 2015_0213_PortSusan_Mulkutio.pdf
A80: 42048 | B80: Eelgrass Restoration in PS | C80: Camano Island | D80: Camano Island (east)-PNNL-2015 Site Assessment6 | E80: restoration | F80: point | G80: camera | H80: 48.063383 | I80: -122.35962 | L80: WGS84 | M80: -0.33528 | N80: clear | O80: cobble | P80: absent | Q80: poor | R80: cobble no eelgrass | S80: 2015_0213_PortSusan_Mulkutio.pdf
A81: 42048 | B81: Eelgrass Restoration in PS | C81: Camano Island | D81: Camano Island (east)-PNNL-2015 Site Assessment7 | E81: restoration | F81: point | G81: camera | H81: 48.065417 | I81: -122.36232 | L81: WGS84 | M81: -2.46888 | N81: clear | O81: sand, cobble | P81: sparse | Q81: na | R81: sparse eelgrass from -0.2 m to -2.8 m, MLLW | S81: 2015_0213_PortSusan_Mulkutio.pdf
A82: 42048 | B82: Eelgrass Restoration in PS | C82: Camano Island | D82: Camano Island (east)-PNNL-2015 Site Assessment8 | E82: restoration | F82: point | G82: camera | H82: 48.135833 | I82: -122.44063 | L82: WGS84 | M82: -0.67056 | N82: clear | P82: present | Q82: na | R82: eelgrass patchy | S82: 2015_0213_PortSusan_Mulkutio.pdf
A83: 42048 | B83: Eelgrass Restoration in PS | C83: Camano Island | D83: Camano Island (east)-PNNL-2015 Site Assessment9 | E83: restoration | F83: point | G83: camera | H83: 48.11205 | I83: -122.40918 | L83: WGS84 | M83: -0.09144 | N83: clear | P83: dense | Q83: na | R83: eelgrass moderatly dense -0.1 m to -1.0 m, MLLW, present out to -1.6 m, MLLW | S83: 2015_0213_PortSusan_Mulkutio.pdf
A84: 42048 | B84: Eelgrass Restoration in PS | C84: Mukilteo | D84: Mukilteo | E84: restoration | F84: point | G84: camera | H84: 47.950367 | I84: -122.30018 | L84: WGS84 | M84: -2.3 | O84: cobble | P84: absent | Q84: poor | R84: shell hash, cobble, pilings, no eelgrass; not suitable for transplants. Maybe potential inside big fuel dock if it is removed. | S84: 2015_0213_PortSusan_Mulkutio.pdf
A85: 42052 | B85: Eelgrass Restoration in PS | C85: Chico Bay | D85: Chico Bay-PNNL-2015 Site Assessment drift | E85: restoration | F85: drift | G85: camera | H85: 47.60595 | I85: -122.69892 | J85: 47.605717 | K85: -122.699 | L85: WGS84 | M85: -0.4 | O85: sand | P85: absent | Q85: good | R85: elevation range from -0.3m to -0.4m, mostly sandy, bottom is pretty flat and sandy, a bit soft but not anoxic | S85: 2015_0217and18_DyesInlet site survey and TestPlanting.pdf
A86: 42052 | B86: Eelgrass Restoration in PS | C86: Chico Bay | D86: Chico Bay-PNNL-2015 Site Assessment point 1 | E86: restoration | F86: point | G86: camera | H86: 47.60645 | I86: -122.69925 | L86: WGS84 | O86: sand | P86: absent | Q86: good | R86: nice and flat, fines not sand, seems to have potential as planting site, pretty boring looking, maybe some burrows of worms | S86: 2015_0217and18_DyesInlet site survey and TestPlanting.pdf
A87: 42052 | B87: Eelgrass Restoration in PS | C87: Chico Bay | D87: Chico Bay-PNNL-2015 Site Assessment point 2 | E87: restoration | F87: point | G87: camera | H87: 47.606533 | I87: -122.69927 | L87: WGS84 | O87: sand | P87: absent | Q87: good | R87: good site | S87: 2015_0217and18_DyesInlet site survey and TestPlanting.pdf
A88: 42052 | B88: Eelgrass Restoration in PS | C88: Dyes Inlet | D88: Dyes Inlet-PNNL-2015 Site Assessment drift 1 | E88: restoration | F88: drift | G88: camera | H88: 47.594233 | I88: -122.67885 | J88: 47.592817 | K88: -122.67933 | L88: WGS84 | M88: -0.9 | N88: clear | O88: sand | P88: absent | Q88: poor | R88: elevation range from -0.8m to -1.0m, mostly sand with some shell hash, gentle slope, no macroalgae, houses on shore with shoreline armoring | S88: 2015_0217and18_DyesInlet site survey and TestPlanting.pdf
A89: 42052 | B89: Eelgrass Restoration in PS | C89: Dyes Inlet | D89: Dyes Inlet-PNNL-2015 Site Assessment drift 2 | E89: restoration | F89: drift | G89: camera | H89: 47.592167 | I89: -122.67925 | J89: 47.592033 | K89: -122.67898 | L89: WGS84 | M89: -0.7 | N89: clear | O89: sand | P89: absent | Q89: good | R89: elevation range from -0.6m to -0.8m, sandy with smooth bottom | S89: 2015_0217and18_DyesInlet site survey and TestPlanting.pdf
A90: 42052 | B90: Eelgrass Restoration in PS | C90: Dyes Inlet | D90: Dyes Inlet-PNNL-2015 Site Assessment drift 3 | E90: restoration | F90: drift | G90: camera | H90: 47.590217 | I90: -122.68587 | J90: 47.590433 | K90: -122.68578 | L90: WGS84 | M90: -0.6 | N90: clear | O90: sand | P90: absent | Q90: good | R90: lots of diatoms, bottom gets harder, would need permission to work here even though it looks like a good site | S90: 2015_0217and18_DyesInlet site survey and TestPlanting.pdf
A91: 42052 | B91: Eelgrass Restoration in PS | C91: Dyes Inlet | D91: Dyes Inlet-PNNL-2015 Site Assessment point | E91: restoration | F91: point | G91: camera | H91: 47.592083 | I91: -122.67905 | L91: WGS84 | M91: -0.5 | N91: clear | O91: sand | P91: absent | Q91: good | R91: sloped gravelly beach on shore, but w/ more vegetation before houses | S91: 2015_0217and18_DyesInlet site survey and TestPlanting.pdf
A92: 42054 | B92: Eelgrass Restoration in PS | C92: Lynch Cove | D92: Lynch Cove-PNNL-2015 Site Assessment | E92: restoration | F92: drift | G92: camera | H92: 47.418717 | I92: -122.88333 | J92: 47.423517 | K92: -122.86937 | L92: WGS84 | M92: -1.3 | O92: sand | P92: dense | Q92: na | R92: elevation range from -0.5m to -2.1m, longer blades on zm, soft bottom | S92: 2015_0219and20_SouthHoodCanalObsAndLightSensors.pdf
A93: 42054 | B93: Eelgrass Restoration in PS | C93: S. Hood Canal | D93: S. Hood Canal-PNNL-2015 Site Assessment drift 1 | E93: restoration | F93: drift | G93: camera | H93: 47.383917 | I93: -123.11767 | J93: 47.38475 | K93: -123.11898 | L93: WGS84 | M93: -1.3 | O93: coarse sand, cobble | P93: present | Q93: na | R93: elevation range from -1.0m to -1.6m, less rocky, zm from sparse to dense, lots of diatoms and siphons | S93: 2015_0219and20_SouthHoodCanalObsAndLightSensors.pdf
A94: 42054 | B94: Eelgrass Restoration in PS | C94: S. Hood Canal | D94: S. Hood Canal-PNNL-2015 Site Assessment drift 2 | E94: restoration | F94: drift | G94: camera | H94: 47.37335 | I94: -123.09555 | J94: 47.3726 | K94: -123.09337 | L94: WGS84 | M94: -1.5 | O94: sand | P94: sparse | Q94: na | R94: elevation range from -0.7m to -2.7m, grass sparse with thin blades | S94: 2015_0219and20_SouthHoodCanalObsAndLightSensors.pdf
A95: 42054 | B95: Eelgrass Restoration in PS | C95: S. Hood Canal | D95: S. Hood Canal-PNNL-2015 Site Assessment drift 3 | E95: restoration | F95: drift | G95: camera | H95: 47.372783 | I95: -123.08862 | J95: 47.3729 | K95: -123.0734 | L95: WGS84 | M95: -1.2 | O95: sand, cobble | P95: sparse | Q95: na | R95: elevation range from -0.8m to -1.6m, bottom from soft sandy to gravelly, cobbly, zm sparse with thin blades | S95: 2015_0219and20_SouthHoodCanalObsAndLightSensors.pdf
A96: 42054 | B96: Eelgrass Restoration in PS | C96: S. Hood Canal | D96: S. Hood Canal-PNNL-2015 Site Assessment drift 4 | E96: restoration | F96: drift | G96: camera | H96: 47.36785 | I96: -123.06025 | J96: 47.3688 | K96: -123.05718 | L96: WGS84 | M96: -1.7 | O96: sand, coarse sand | P96: present | Q96: na | R96: elevation range from -0.8m to -2.7m, bottom sandy to pebbly with lots of mounded burrows, zm is short with thin blades but continuous | S96: 2015_0219and20_SouthHoodCanalObsAndLightSensors.pdf
A97: 42054 | B97: Eelgrass Restoration in PS | C97: S. Hood Canal | D97: S. Hood Canal-PNNL-2015 Site Assessment drift 5 | E97: restoration | F97: drift | G97: camera | H97: 47.388533 | I97: -122.98855 | J97: 47.388817 | K97: -122.98852 | L97: WGS84 | M97: -2.3 | O97: sand, cobble | P97: absent | Q97: poor | R97: sand mounds, too rocky, not good for zm | S97: 2015_0219and20_SouthHoodCanalObsAndLightSensors.pdf
A98: 42054 | B98: Eelgrass Restoration in PS | C98: S. Hood Canal | D98: S. Hood Canal-PNNL-2015 Site Assessment drift 6 | E98: restoration | F98: drift | G98: camera | H98: 47.3957 | I98: -122.97263 | J98: 47.397 | K98: -122.97133 | L98: WGS84 | M98: -1.5 | O98: cobble | P98: absent | Q98: poor | R98: beach is steep, sand and pebbles turning to cobble, but becoming less coarse near the end of the drift | S98: 2015_0219and20_SouthHoodCanalObsAndLightSensors.pdf
A99: 42054 | B99: Eelgrass Restoration in PS | C99: S. Hood Canal | D99: S. Hood Canal-PNNL-2015 Site Assessment drift 7 | E99: restoration | F99: drift | G99: camera | H99: 47.399933 | I99: -122.95663 | J99: 47.383533 | K99: -122.9567 | L99: WGS84 | M99: -1 | O99: coarse sand, cobble | P99: absent | Q99: poor | R99: elevation range from -0.5m to -1.5m, sediment getting more coarse shoreward, barnacles on rocks, some freshwater lense | S99: 2015_0219and20_SouthHoodCanalObsAndLightSensors.pdf
A100: 42054 | B100: Eelgrass Restoration in PS | C100: S. Hood Canal | D100: S. Hood Canal-PNNL-2015 Site Assessment drift 8 | E100: restoration | F100: drift | G100: camera | H100: 47.389983 | I100: -122.91333 | J100: 47.390233 | K100: -122.91352 | L100: WGS84 | M100: -1.4 | O100: sand | P100: dense | Q100: na | R100: elevation range from -0.6m to -2.9m, zm really dense, shell hash and sand bottom, lots of burrows | S100: 2015_0219and20_SouthHoodCanalObsAndLightSensors.pdf
A101: 42054 | B101: Eelgrass Restoration in PS | C101: S. Hood Canal | D101: S. Hood Canal-PNNL-2015 Site Assessment drift 9 | E101: restoration | F101: drift | G101: camera | H101: 47.3794 | I101: -123.01132 | J101: 47.379567 | K101: -123.01147 | L101: WGS84 | M101: -1.9 | O101: coarse sand | P101: absent | Q101: poor | R101: elevation range from 0.2m to -4.0m, pebbles and sand, rough bottom, not good for zm | S101: 2015_0219and20_SouthHoodCanalObsAndLightSensors.pdf
A102: 42054 | B102: Eelgrass Restoration in PS | C102: S. Hood Canal | D102: S. Hood Canal-PNNL-2015 Site Assessment point 1 | E102: restoration | F102: point | G102: camera | H102: 47.379733 | I102: -123.11298 | L102: WGS84 | O102: cobble | P102: absent | Q102: poor | R102: very course substrate, cobble, very steep, not good | S102: 2015_0219and20_SouthHoodCanalObsAndLightSensors.pdf
A103: 42054 | B103: Eelgrass Restoration in PS | C103: S. Hood Canal | D103: S. Hood Canal-PNNL-2015 Site Assessment point 2 | E103: restoration | F103: point | G103: camera | H103: 47.383617 | I103: -123.11648 | L103: WGS84 | O103: cobble | P103: absent | Q103: poor | R103: near mouth of creek, very shallow, small cobble and pebbles, some fines but not enough to be good | S103: 2015_0219and20_SouthHoodCanalObsAndLightSensors.pdf
A104: 42054 | B104: Eelgrass Restoration in PS | C104: S. Hood Canal | D104: S. Hood Canal-PNNL-2015 Site Assessment point 3 | E104: restoration | F104: point | G104: camera | H104: 47.3838 | I104: -122.94978 | L104: WGS84 | M104: -1.3 | O104: sand | P104: dense | Q104: na | R104: zm dense, sandy/shelly bottom | S104: 2015_0219and20_SouthHoodCanalObsAndLightSensors.pdf
A105: 42054 | B105: Eelgrass Restoration in PS | C105: Skokomish Delta | D105: Skokomish Delta-PNNL-2015 Site Assessment drift 1 | E105: restoration | F105: drift | G105: camera | H105: 47.358433 | I105: -123.11212 | J105: 47.358767 | K105: -123.11148 | L105: WGS84 | M105: -0.1 | O105: sand | P105: present | Q105: na | R105: elevation range from -0.1m to -0.2m, intermittent zm, very thin blades, not much of the bottom but zm | S105: 2015_0219and20_SouthHoodCanalObsAndLightSensors.pdf
...

Sheet Planting GPS Points
A1: SITE LOCATION | B1: SITE NAME | C1: planting_location_code | D1: planting_relationships | E1: YEAR | F1: HISTORICAL PRESENCE | G1: DATA TYPE | H1: WATER BODY | I1: SVMP REGION | J1: PROJECT NAME | K1: FUNDING SOURCE | L1: FUNDING SOURCE PROGRAM | M1: CONTRACT 1 | N1: CONTRACT 1 | O1: CONTRACT 2 | P1: CONTRACT 2 | Q1: CITATION | R1: ACTIVITY TYPE | S1: ACTIVITY FILTER | T1: PLANTING DATE | U1: LATITUDE | V1: LONGITUDE | W1: data_type | X1: retain_drop | Y1: DATUM | Z1: ELEVATION | AA1: PLANTING METHOD | AB1: PARALLEL SIDE | AC1: PERPENDICULAR SIDE | AD1: PLOT AREA | AE1: PLANTED AREA | AF1: EFFECTIVE AREA PLANTED | AG1: # OF PLANTING UNITS | AH1: # OF SHOOTS | AI1: PLOT SHOOT DENSITY | AJ1: PLANTED SHOOT DENSITY | AK1: DONOR SITE NAME | AL1: NOTES
F2: (source) | G2: (point, polygon, line) | M2: (b/w funding source & DNR) | N2: (DNR contract #) | O2: (b/w DNR & contractor) | P2: (DNR contract #) | R2: (test planting, large-scale planting) | S2: (test planting, large-scale planting) | T2: (YYYY-MM-DD) | U2: (dec deg) | V2: (dec deg) | Y2: (WGS84, NAD83) | Z2: (m, MLLW) | AA2: (staple, rebar, washer, burlap, turf, ?) | AB2: (m) | AC2: (m) | AD2: (m2) | AE2: (m2) | AF2: (m2) | AG2: (count of staples, rebar, etc.) | AH2: (shoots planted) | AI2: (shoots m-2 of plot area) | AJ2: (shoots m-2 of planted area)
A3: Anderson Island | B3: Amsterdam Bay - PNNL - shallow - test - 2013 | C3: =VLOOKUP(B3,Plantings!$A$2:$C$285,2,FALSE) -> AMS_shallow | D3: =VLOOKUP(B3,Plantings!$A$2:$C$285,3,FALSE) -> single | E3: 2013 | F3: Thom, RM, and L Hallum. 1990. Long‐term changes in the areal extent of tidal marshes, eelgrass meadows, and kelp forests of Puget Sound. FRI‐UW‐9008, Fisheries Research Institute, School of Fisheries, University of Washington, Seattle. Pp. 110. | G3: point | H3: Drayton Passage | I3: CPS | J3: 20% more ZM | K3: WDFW | L3: National Estuary Program | M3: 12-1117 | N3: IAA 12-316 | O3: PNNL | P3: IAA 12-317 | Q3: Vavrinec, J., A.B. Borde, R.M. Thom, S.L. Southard, J. Elster, K.D. Hall, L.M. Aston and J.L. Gaeckle. 2014. Evaluation of potential eelgrass restoration sites: methods, results, and recommendations. Prepared for the U.S. Department of Energy under contract DE-AC05-76RL01830. Pacific Northwest National Laboratory, Richland, WA. PNNL-23502. | R3: test | S3: test | T3: 41431 | U3: 47.1606 | V3: -122.72777 | W3: =VLOOKUP(B3,Plantings!$A$2:$E$285,4,FALSE) -> point | X3: =VLOOKUP(B3,Plantings!$A$2:$E$285,5,FALSE) -> retain | Y3: WGS84 | Z3: -0.9144 | AA3: staple | AB3: 6 | AC3: 6 | AD3: =AB3*AC3 -> 36 | AE3: 36 | AF3: =IF(AA3="staple",AG3*0.005,IF(AA3="rebar",AG3*0.025,IF(AA3="burlap",AG3*0.0625,IF(AA3="washer",AG3*0.0025,IF(AA3="pucks",AG3*0.00785,IF(AA3="turf",AG3*0.01,IF(AA3="",""))))))) -> 0.9 | AG3: =AH3/4 -> 180 | AH3: 720 | AI3: =IFERROR(AH3/AD3, "") -> 20 | AJ3: =IFERROR(AH3/AE3, "") -> 20 | AK3: Thompson Cove
A4: Anderson Island | B4: Amsterdam Bay - PNNL - deep - test - 2013 | C4: =VLOOKUP(B4,Plantings!$A$2:$C$285,2,FALSE) -> AMS_deep | D4: =VLOOKUP(B4,Plantings!$A$2:$C$285,3,FALSE) -> single | E4: 2013 | F4: Thom, RM, and L Hallum. 1990. Long‐term changes in the areal extent of tidal marshes, eelgrass meadows, and kelp forests of Puget Sound. FRI‐UW‐9008, Fisheries Research Institute, School of Fisheries, University of Washington, Seattle. Pp. 110. | G4: point | H4: Drayton Passage | I4: CPS | J4: 20% more ZM | K4: WDFW | L4: National Estuary Program | M4: 12-1117 | N4: IAA 12-316 | O4: PNNL | P4: IAA 12-317 | Q4: Vavrinec, J., A.B. Borde, R.M. Thom, S.L. Southard, J. Elster, K.D. Hall, L.M. Aston and J.L. Gaeckle. 2014. Evaluation of potential eelgrass restoration sites: methods, results, and recommendations. Prepared for the U.S. Department of Energy under contract DE-AC05-76RL01830. Pacific Northwest National Laboratory, Richland, WA. PNNL-23502. | R4: test | S4: test | T4: 41431 | U4: 47.160683 | V4: -122.72782 | W4: =VLOOKUP(B4,Plantings!$A$2:$E$285,4,FALSE) -> point | X4: =VLOOKUP(B4,Plantings!$A$2:$E$285,5,FALSE) -> retain | Y4: WGS84 | Z4: -1.524 | AA4: staple | AB4: 6 | AC4: 6 | AD4: =AB4*AC4 -> 36 | AE4: 36 | AF4: =IF(AA4="staple",AG4*0.005,IF(AA4="rebar",AG4*0.025,IF(AA4="burlap",AG4*0.0625,IF(AA4="washer",AG4*0.0025,IF(AA4="pucks",AG4*0.00785,IF(AA4="turf",AG4*0.01,IF(AA4="",""))))))) -> 0.9 | AG4: =AH4/4 -> 180 | AH4: 720 | AI4: =IFERROR(AH4/AD4, "") -> 20 | AJ4: =IFERROR(AH4/AE4, "") -> 20 | AK4: Thompson Cove
A5: Anderson Island | B5: Anderson Island West - PNNL - test - 2015 | C5: =VLOOKUP(B5,Plantings!$A$2:$C$285,2,FALSE) -> AND_west1 | D5: =VLOOKUP(B5,Plantings!$A$2:$C$285,3,FALSE) -> single | E5: 2015 | F5: Thom, RM, and L Hallum. 1990. Long‐term changes in the areal extent of tidal marshes, eelgrass meadows, and kelp forests of Puget Sound. FRI‐UW‐9008, Fisheries Research Institute, School of Fisheries, University of Washington, Seattle. Pp. 110. | G5: point | H5: Drayton Passage | I5: CPS | J5: Eelgrass Restoration in PS | K5: DNR | L5: Aquatic Restoration Program | O5: PNNL | P5: IAA 12-317.1 | Q5: Aston, L.A., A.B. Borde and J. Vavrinec. 2015. Final Summary Report - Eelgrass Restoration in Puget Sound Project Summary. Pacific Northwest National Laboratory, Richland, WA. PNNL-24445. | R5: test | S5: test | T5: 42062 | U5: 47.170783 | V5: -122.72888 | W5: =VLOOKUP(B5,Plantings!$A$2:$E$285,4,FALSE) -> point | X5: =VLOOKUP(B5,Plantings!$A$2:$E$285,5,FALSE) -> retain | Y5: WGS84 | Z5: -0.8 | AA5: staple | AB5: 5 | AC5: 5 | AD5: =AB5*AC5 -> 25 | AE5: 25 | AF5: =IF(AA5="staple",AG5*0.005,IF(AA5="rebar",AG5*0.025,IF(AA5="burlap",AG5*0.0625,IF(AA5="washer",AG5*0.0025,IF(AA5="pucks",AG5*0.00785,IF(AA5="turf",AG5*0.01,IF(AA5="",""))))))) -> 0.625 | AG5: =AH5/4 -> 125 | AH5: 500 | AI5: =IFERROR(AH5/AD5, "") -> 20 | AJ5: =IFERROR(AH5/AE5, "") -> 20 | AK5: Ketron Island
A6: Anderson Island | B6: Anderson Island West - PNNL - test - 2016 | C6: =VLOOKUP(B6,Plantings!$A$2:$C$285,2,FALSE) -> AND_west2 | D6: =VLOOKUP(B6,Plantings!$A$2:$C$285,3,FALSE) -> single | E6: 2016 | F6: Thom, RM, and L Hallum. 1990. Long‐term changes in the areal extent of tidal marshes, eelgrass meadows, and kelp forests of Puget Sound. FRI‐UW‐9008, Fisheries Research Institute, School of Fisheries, University of Washington, Seattle. Pp. 110. | G6: point | H6: Nisqually Reach | I6: CPS | J6: Puget Sound Eelgrass Restoration: 3 deltas | K6: USACE | L6: USACE | M6: W912DW-14-2-0009 (93-099566) | N6: IAA 15-45 | O6: PNNL | P6: 93-099661 | R6: test | S6: test | T6: 42633 | U6: 47.170933 | V6: -122.72905 | W6: =VLOOKUP(B6,Plantings!$A$2:$E$285,4,FALSE) -> point | X6: =VLOOKUP(B6,Plantings!$A$2:$E$285,5,FALSE) -> retain | Y6: WGS84 | Z6: -1.7 | AA6: rebar | AB6: 2.5 | AC6: 2.5 | AD6: =AB6*AC6 -> 6.25 | AE6: =AG6*0.25 -> 5 | AF6: =IF(AA6="staple",AG6*0.005,IF(AA6="rebar",AG6*0.025,IF(AA6="burlap",AG6*0.0625,IF(AA6="washer",AG6*0.0025,IF(AA6="pucks",AG6*0.00785,IF(AA6="turf",AG6*0.01,IF(AA6="",""))))))) -> 0.5 | AG6: 20 | AH6: 500 | AI6: =IFERROR(AH6/AD6, "") -> 80 | AJ6: =IFERROR(AH6/AE6, "") -> 100 | AK6: Sandy Point
A7: Anderson Island | B7: Anderson Island South - PNNL - test - 2016 | C7: =VLOOKUP(B7,Plantings!$A$2:$C$285,2,FALSE) -> AND_south1 | D7: =VLOOKUP(B7,Plantings!$A$2:$C$285,3,FALSE) -> single | E7: 2016 | F7: Thom, RM, and L Hallum. 1990. Long‐term changes in the areal extent of tidal marshes, eelgrass meadows, and kelp forests of Puget Sound. FRI‐UW‐9008, Fisheries Research Institute, School of Fisheries, University of Washington, Seattle. Pp. 110. | G7: point | H7: Nisqually Reach | I7: CPS | J7: Puget Sound Eelgrass Restoration: 3 deltas | K7: USACE | L7: USACE | M7: W912DW-14-2-0009 (93-099566) | N7: IAA 15-45 | O7: PNNL | P7: 93-099661 | R7: test | S7: test | T7: 42633 | U7: 47.132633 | V7: -122.71812 | W7: =VLOOKUP(B7,Plantings!$A$2:$E$285,4,FALSE) -> point | X7: =VLOOKUP(B7,Plantings!$A$2:$E$285,5,FALSE) -> retain | Y7: WGS84 | Z7: -1.9 | AA7: rebar | AB7: 2.5 | AC7: 2.5 | AD7: =AB7*AC7 -> 6.25 | AE7: =AG7*0.25 -> 5 | AF7: =IF(AA7="staple",AG7*0.005,IF(AA7="rebar",AG7*0.025,IF(AA7="burlap",AG7*0.0625,IF(AA7="washer",AG7*0.0025,IF(AA7="pucks",AG7*0.00785,IF(AA7="turf",AG7*0.01,IF(AA7="",""))))))) -> 0.5 | AG7: 20 | AH7: 500 | AI7: =IFERROR(AH7/AD7, "") -> 80 | AJ7: =IFERROR(AH7/AE7, "") -> 100 | AK7: Sandy Point | AL7: Also known as Gaeckle 3
A8: Anderson Island | B8: Anderson Island West - North - south - HC - test - 2017 | C8: =VLOOKUP(B8,Plantings!$A$2:$C$285,2,FALSE) -> AND_west_L1 | D8: =VLOOKUP(B8,Plantings!$A$2:$C$285,3,FALSE) -> single | E8: 2017 | F8: Thom, RM, and L Hallum. 1990. Long‐term changes in the areal extent of tidal marshes, eelgrass meadows, and kelp forests of Puget Sound. FRI‐UW‐9008, Fisheries Research Institute, School of Fisheries, University of Washington, Seattle. Pp. 110. | G8: line | H8: Drayton Passage | I8: CPS | J8: Eelgrass Restoration in Puget Sound | K8: WDFW | L8: National Estuary Program | M8: 14-02072 | N8: IAA 15-110 | O8: Hart Crowser | P8: SC 16-17 | Q8: Shannon, J., J. Blanchette and J. Gaeckle. 2018. Eelgrass (Zostera marina) Restoration in Puget Sound, WA. Final Restoration and Monitoring Report (12059-05) for US EPA, Hart Crowser, Edmonds, WA. Pp. 131. | R8: test | S8: test | T8: 42860 | U8: 47.18183 | V8: -122.71405 | W8: =VLOOKUP(B8,Plantings!$A$2:$E$285,4,FALSE) -> line | X8: =VLOOKUP(B8,Plantings!$A$2:$E$285,5,FALSE) -> retain | Y8: WGS84 | Z8: -1.6 | AA8: turf | AB8: 10 | AC8: 1 | AD8: =AB8*AC8 -> 10 | AE8: 6 | AF8: =IF(AA8="staple",AG8*0.005,IF(AA8="rebar",AG8*0.025,IF(AA8="burlap",AG8*0.0625,IF(AA8="washer",AG8*0.0025,IF(AA8="pucks",AG8*0.00785,IF(AA8="turf",AG8*0.01,IF(AA8="",""))))))) -> 0.87 | AG8: 87 | AH8: 869 | AI8: =IFERROR(AH8/AD8, "") -> 86.9 | AJ8: =IFERROR(AH8/AE8, "") -> 144.83333 | AK8: Rocky Bay | AL8: Referred to as 'Anderson Island West 1' in final report. Turfs plant 5-15 shoots per staple (X= ~10 shoots/staple). Estimated number of PUs at test-transplant site as 869/10 = 87.
A9: Anderson Island | B9: Anderson Island West - North - north - HC - test - 2017 | C9: =VLOOKUP(B9,Plantings!$A$2:$C$285,2,FALSE) -> AND_west_L1 | D9: =VLOOKUP(B9,Plantings!$A$2:$C$285,3,FALSE) -> single | E9: 2017 | F9: Thom, RM, and L Hallum. 1990. Long‐term changes in the areal extent of tidal marshes, eelgrass meadows, and kelp forests of Puget Sound. FRI‐UW‐9008, Fisheries Research Institute, School of Fisheries, University of Washington, Seattle. Pp. 110. | G9: line | H9: Drayton Passage | I9: CPS | J9: Eelgrass Restoration in Puget Sound | K9: WDFW | L9: National Estuary Program | M9: 14-02072 | N9: IAA 15-110 | O9: Hart Crowser | P9: SC 16-17 | Q9: Shannon, J., J. Blanchette and J. Gaeckle. 2018. Eelgrass (Zostera marina) Restoration in Puget Sound, WA. Final Restoration and Monitoring Report (12059-05) for US EPA, Hart Crowser, Edmonds, WA. Pp. 131. | R9: test | S9: -- | T9: 42860 | U9: 47.18186 | V9: -122.71403 | W9: =VLOOKUP(B9,Plantings!$A$2:$E$285,4,FALSE) -> line | X9: =VLOOKUP(B9,Plantings!$A$2:$E$285,5,FALSE) -> retain | Y9: WGS84 | AF9: =IF(AA9="staple",AG9*0.005,IF(AA9="rebar",AG9*0.025,IF(AA9="burlap",AG9*0.0625,IF(AA9="washer",AG9*0.0025,IF(AA9="pucks",AG9*0.00785,IF(AA9="turf",AG9*0.01,IF(AA9="",""))))))) | AI9: =IFERROR(AH9/AD9, "") | AJ9: =IFERROR(AH9/AE9, "")
A10: Anderson Island | B10: Anderson Island West - South - south - HC - test - 2017 | C10: =VLOOKUP(B10,Plantings!$A$2:$C$285,2,FALSE) -> AND_south_L1 | D10: =VLOOKUP(B10,Plantings!$A$2:$C$285,3,FALSE) -> single | E10: 2017 | F10: Thom, RM, and L Hallum. 1990. Long‐term changes in the areal extent of tidal marshes, eelgrass meadows, and kelp forests of Puget Sound. FRI‐UW‐9008, Fisheries Research Institute, School of Fisheries, University of Washington, Seattle. Pp. 110. | G10: line | H10: Drayton Passage | I10: CPS | J10: Eelgrass Restoration in Puget Sound | K10: WDFW | L10: National Estuary Program | M10: 14-02072 | N10: IAA 15-110 | O10: Hart Crowser | P10: SC 16-17 | Q10: Shannon, J., J. Blanchette and J. Gaeckle. 2018. Eelgrass (Zostera marina) Restoration in Puget Sound, WA. Final Restoration and Monitoring Report (12059-05) for US EPA, Hart Crowser, Edmonds, WA. Pp. 131. | R10: test | S10: test | T10: 42860 | U10: 47.1769 | V10: -122.7251 | W10: =VLOOKUP(B10,Plantings!$A$2:$E$285,4,FALSE) -> line | X10: =VLOOKUP(B10,Plantings!$A$2:$E$285,5,FALSE) -> retain | Y10: WGS84 | Z10: -1.6 | AA10: turf | AB10: 10 | AC10: 1 | AD10: =AB10*AC10 -> 10 | AE10: 6 | AF10: =IF(AA10="staple",AG10*0.005,IF(AA10="rebar",AG10*0.025,IF(AA10="burlap",AG10*0.0625,IF(AA10="washer",AG10*0.0025,IF(AA10="pucks",AG10*0.00785,IF(AA10="turf",AG10*0.01,IF(AA10="",""))))))) -> 0.87 | AG10: 87 | AH10: 869 | AI10: =IFERROR(AH10/AD10, "") -> 86.9 | AJ10: =IFERROR(AH10/AE10, "") -> 144.83333 | AK10: Rocky Bay | AL10: Referred to as 'Anderson Island West 2' in final report. Turfs plant 5-15 shoots per staple (X= ~10 shoots/staple). Estimated number of PUs at test-transplant site as 869/10 = 87.
A11: Anderson Island | B11: Anderson Island West - South - north - HC - test - 2017 | C11: =VLOOKUP(B11,Plantings!$A$2:$C$285,2,FALSE) -> AND_south_L1 | D11: =VLOOKUP(B11,Plantings!$A$2:$C$285,3,FALSE) -> single | E11: 2017 | F11: Thom, RM, and L Hallum. 1990. Long‐term changes in the areal extent of tidal marshes, eelgrass meadows, and kelp forests of Puget Sound. FRI‐UW‐9008, Fisheries Research Institute, School of Fisheries, University of Washington, Seattle. Pp. 110. | G11: line | H11: Drayton Passage | I11: CPS | J11: Eelgrass Restoration in Puget Sound | K11: WDFW | L11: National Estuary Program | M11: 14-02072 | N11: IAA 15-110 | O11: Hart Crowser | P11: SC 16-17 | Q11: Shannon, J., J. Blanchette and J. Gaeckle. 2018. Eelgrass (Zostera marina) Restoration in Puget Sound, WA. Final Restoration and Monitoring Report (12059-05) for US EPA, Hart Crowser, Edmonds, WA. Pp. 131. | R11: test | S11: -- | T11: 42860 | U11: 47.17693 | V11: -122.72505 | W11: =VLOOKUP(B11,Plantings!$A$2:$E$285,4,FALSE) -> line | X11: =VLOOKUP(B11,Plantings!$A$2:$E$285,5,FALSE) -> retain | Y11: WGS84 | AF11: =IF(AA11="staple",AG11*0.005,IF(AA11="rebar",AG11*0.025,IF(AA11="burlap",AG11*0.0625,IF(AA11="washer",AG11*0.0025,IF(AA11="pucks",AG11*0.00785,IF(AA11="turf",AG11*0.01,IF(AA11="",""))))))) | AI11: =IFERROR(AH11/AD11, "") | AJ11: =IFERROR(AH11/AE11, "")
A12: Anderson Island | B12: Anderson Island South 1 - west - HC - large - 2017 | C12: =VLOOKUP(B12,Plantings!$A$2:$C$285,2,FALSE) -> AND_south_L2 | D12: =VLOOKUP(B12,Plantings!$A$2:$C$285,3,FALSE) -> single | E12: 2017 | F12: Thom, RM, and L Hallum. 1990. Long‐term changes in the areal extent of tidal marshes, eelgrass meadows, and kelp forests of Puget Sound. FRI‐UW‐9008, Fisheries Research Institute, School of Fisheries, University of Washington, Seattle. Pp. 110. | G12: polygon | H12: Nisqually Reach | I12: CPS | J12: Eelgrass Restoration in Puget Sound | K12: WDFW | L12: National Estuary Program | M12: 14-02072 | N12: IAA 15-110 | O12: Hart Crowser | P12: SC 16-17 | Q12: Shannon, J., J. Blanchette and J. Gaeckle. 2018. Eelgrass (Zostera marina) Restoration in Puget Sound, WA. Final Restoration and Monitoring Report (12059-05) for US EPA, Hart Crowser, Edmonds, WA. Pp. 131. | R12: large scale | S12: large scale | T12: 42888 | U12: 47.13875 | V12: -122.72511 | W12: =VLOOKUP(B12,Plantings!$A$2:$E$285,4,FALSE) -> line | X12: =VLOOKUP(B12,Plantings!$A$2:$E$285,5,FALSE) -> retain | Y12: WGS84 | Z12: -1.6 | AA12: turf | AB12: 40 | AC12: 4 | AD12: =AB12*AC12 -> 160 | AE12: 155 | AF12: =IF(AA12="staple",AG12*0.005,IF(AA12="rebar",AG12*0.025,IF(AA12="burlap",AG12*0.0625,IF(AA12="washer",AG12*0.0025,IF(AA12="pucks",AG12*0.00785,IF(AA12="turf",AG12*0.01,IF(AA12="",""))))))) -> 20.5 | AG12: 2050 | AH12: 20500 | AI12: =IFERROR(AH12/AD12, "") -> 128.125 | AJ12: =IFERROR(AH12/AE12, "") -> 132.25806 | AK12: Rocky Bay | AL12: large scale area of 40 m X 4 m (160 m2). Planted with plants from Rocky Bay. Turfs plant 5-15 shoots per staple (X= ~10 shoots/staple). Estimated number of PUs at test-transplant site as 20500/10 = 2050.
A13: Anderson Island | B13: Anderson Island South 1 - east - HC - large - 2017 | C13: =VLOOKUP(B13,Plantings!$A$2:$C$285,2,FALSE) -> AND_south_L2 | D13: =VLOOKUP(B13,Plantings!$A$2:$C$285,3,FALSE) -> single | E13: 2017 | F13: Thom, RM, and L Hallum. 1990. Long‐term changes in the areal extent of tidal marshes, eelgrass meadows, and kelp forests of Puget Sound. FRI‐UW‐9008, Fisheries Research Institute, School of Fisheries, University of Washington, Seattle. Pp. 110. | G13: polygon | H13: Nisqually Reach | I13: CPS | J13: Eelgrass Restoration in Puget Sound | K13: WDFW | L13: National Estuary Program | M13: 14-02072 | N13: IAA 15-110 | O13: Hart Crowser | P13: SC 16-17 | Q13: Shannon, J., J. Blanchette and J. Gaeckle. 2018. Eelgrass (Zostera marina) Restoration in Puget Sound, WA. Final Restoration and Monitoring Report (12059-05) for US EPA, Hart Crowser, Edmonds, WA. Pp. 131. | R13: large scale | S13: -- | T13: 42888 | U13: 47.138917 | V13: -122.72556 | W13: =VLOOKUP(B13,Plantings!$A$2:$E$285,4,FALSE) -> line | X13: =VLOOKUP(B13,Plantings!$A$2:$E$285,5,FALSE) -> retain | Y13: WGS84 | AF13: =IF(AA13="staple",AG13*0.005,IF(AA13="rebar",AG13*0.025,IF(AA13="burlap",AG13*0.0625,IF(AA13="washer",AG13*0.0025,IF(AA13="pucks",AG13*0.00785,IF(AA13="turf",AG13*0.01,IF(AA13="",""))))))) | AI13: =IFERROR(AH13/AD13, "") | AJ13: =IFERROR(AH13/AE13, "")
A14: Anderson Island | B14: Anderson Island South 2 - west - HC - large - 2017 | C14: =VLOOKUP(B14,Plantings!$A$2:$C$285,2,FALSE) -> AND_south_L3 | D14: =VLOOKUP(B14,Plantings!$A$2:$C$285,3,FALSE) -> single | E14: 2017 | F14: Thom, RM, and L Hallum. 1990. Long‐term changes in the areal extent of tidal marshes, eelgrass meadows, and kelp forests of Puget Sound. FRI‐UW‐9008, Fisheries Research Institute, School of Fisheries, University of Washington, Seattle. Pp. 110. | G14: polygon | H14: Nisqually Reach | I14: CPS | J14: Eelgrass Restoration in Puget Sound | K14: WDFW | L14: National Estuary Program | M14: 14-02072 | N14: IAA 15-110 | O14: Hart Crowser | P14: SC 16-17 | Q14: Shannon, J., J. Blanchette and J. Gaeckle. 2018. Eelgrass (Zostera marina) Restoration in Puget Sound, WA. Final Restoration and Monitoring Report (12059-05) for US EPA, Hart Crowser, Edmonds, WA. Pp. 131. | R14: large scale | S14: large scale | T14: 42890 | U14: 47.13825 | V14: -122.72369 | W14: =VLOOKUP(B14,Plantings!$A$2:$E$285,4,FALSE) -> line | X14: =VLOOKUP(B14,Plantings!$A$2:$E$285,5,FALSE) -> retain | Y14: WGS84 | Z14: -1.6 | AA14: turf | AB14: 40 | AC14: 4 | AD14: =AB14*AC14 -> 160 | AE14: 160 | AF14: =IF(AA14="staple",AG14*0.005,IF(AA14="rebar",AG14*0.025,IF(AA14="burlap",AG14*0.0625,IF(AA14="washer",AG14*0.0025,IF(AA14="pucks",AG14*0.00785,IF(AA14="turf",AG14*0.01,IF(AA14="",""))))))) -> 24.83 | AG14: 2483 | AH14: 24830 | AI14: =IFERROR(AH14/AD14, "") -> 155.1875 | AJ14: =IFERROR(AH14/AE14, "") -> 155.1875 | AK14: Rocky Bay | AL14: large scale area of 40 m X 4 m (160 m2). Planted with plants from Rocky Bay. Planted with plants from Rocky Bay. Turfs plant 5-15 shoots per staple (X= ~10 shoots/staple). Estimated number of PUs at test-transplant site as 24,830/10 = 2483.
A15: Anderson Island | B15: Anderson Island South 2 - east - HC - large - 2017 | C15: =VLOOKUP(B15,Plantings!$A$2:$C$285,2,FALSE) -> AND_south_L3 | D15: =VLOOKUP(B15,Plantings!$A$2:$C$285,3,FALSE) -> single | E15: 2017 | F15: Thom, RM, and L Hallum. 1990. Long‐term changes in the areal extent of tidal marshes, eelgrass meadows, and kelp forests of Puget Sound. FRI‐UW‐9008, Fisheries Research Institute, School of Fisheries, University of Washington, Seattle. Pp. 110. | G15: polygon | H15: Nisqually Reach | I15: CPS | J15: Eelgrass Restoration in Puget Sound | K15: WDFW | L15: National Estuary Program | M15: 14-02072 | N15: IAA 15-110 | O15: Hart Crowser | P15: SC 16-17 | Q15: Shannon, J., J. Blanchette and J. Gaeckle. 2018. Eelgrass (Zostera marina) Restoration in Puget Sound, WA. Final Restoration and Monitoring Report (12059-05) for US EPA, Hart Crowser, Edmonds, WA. Pp. 131. | R15: large scale | S15: -- | T15: 42890 | U15: 47.138444 | V15: -122.72417 | W15: =VLOOKUP(B15,Plantings!$A$2:$E$285,4,FALSE) -> line | X15: =VLOOKUP(B15,Plantings!$A$2:$E$285,5,FALSE) -> retain | Y15: WGS84 | AF15: =IF(AA15="staple",AG15*0.005,IF(AA15="rebar",AG15*0.025,IF(AA15="burlap",AG15*0.0625,IF(AA15="washer",AG15*0.0025,IF(AA15="pucks",AG15*0.00785,IF(AA15="turf",AG15*0.01,IF(AA15="",""))))))) | AI15: =IFERROR(AH15/AD15, "") | AJ15: =IFERROR(AH15/AE15, "")
A16: Anderson Island | B16: Anderson Island South 3 - east - PNNL - large - 2017 | C16: =VLOOKUP(B16,Plantings!$A$2:$C$285,2,FALSE) -> AND_south_L4 | D16: =VLOOKUP(B16,Plantings!$A$2:$C$285,3,FALSE) -> single | E16: 2017 | F16: Thom, RM, and L Hallum. 1990. Long‐term changes in the areal extent of tidal marshes, eelgrass meadows, and kelp forests of Puget Sound. FRI‐UW‐9008, Fisheries Research Institute, School of Fisheries, University of Washington, Seattle. Pp. 110. | G16: line | H16: Nisqually Reach | I16: CPS | J16: Puget Sound Eelgrass Restoration: 3 deltas | K16: USACE | L16: USACE | M16: W912DW-14-2-0009 (93-099566) | N16: IAA 15-45 | O16: PNNL | P16: IAA 15-101 | R16: large scale | S16: large scale | T16: 42955 | U16: 47.132633 | V16: -122.71812 | W16: =VLOOKUP(B16,Plantings!$A$2:$E$285,4,FALSE) -> line | X16: =VLOOKUP(B16,Plantings!$A$2:$E$285,5,FALSE) -> retain | Y16: WGS84 | Z16: -1.31064 | AA16: rebar | AB16: 30 | AC16: 5 | AD16: =AB16*AC16 -> 150 | AE16: =AG16*0.25 -> 105.25 | AF16: =IF(AA16="staple",AG16*0.005,IF(AA16="rebar",AG16*0.025,IF(AA16="burlap",AG16*0.0625,IF(AA16="washer",AG16*0.0025,IF(AA16="pucks",AG16*0.00785,IF(AA16="turf",AG16*0.01,IF(AA16="",""))))))) -> 10.525 | AG16: 421 | AH16: 10525 | AI16: =IFERROR(AH16/AD16, "") -> 70.166667 | AJ16: =IFERROR(AH16/AE16, "") -> 100 | AK16: Thompson Cove | AL16: Site also known as Gaeckle 3, base line runs 320°
A17: Anderson Island | B17: Anderson Island South 3 - east - PNNL - large - 2017 | C17: =VLOOKUP(B17,Plantings!$A$2:$C$285,2,FALSE) -> AND_south_L4 | D17: =VLOOKUP(B17,Plantings!$A$2:$C$285,3,FALSE) -> single | E17: 2017 | F17: Thom, RM, and L Hallum. 1990. Long‐term changes in the areal extent of tidal marshes, eelgrass meadows, and kelp forests of Puget Sound. FRI‐UW‐9008, Fisheries Research Institute, School of Fisheries, University of Washington, Seattle. Pp. 110. | G17: line | H17: Nisqually Reach | I17: CPS | J17: Puget Sound Eelgrass Restoration: 3 deltas | K17: USACE | L17: USACE | M17: W912DW-14-2-0009 (93-099566) | N17: IAA 15-45 | O17: PNNL | P17: IAA 15-101 | R17: large scale | S17: -- | T17: 42955 | U17: 47.13238 | V17: -122.71795 | W17: =VLOOKUP(B17,Plantings!$A$2:$E$285,4,FALSE) -> line | X17: =VLOOKUP(B17,Plantings!$A$2:$E$285,5,FALSE) -> retain | Y17: WGS84 | AF17: =IF(AA17="staple",AG17*0.005,IF(AA17="rebar",AG17*0.025,IF(AA17="burlap",AG17*0.0625,IF(AA17="washer",AG17*0.0025,IF(AA17="pucks",AG17*0.00785,IF(AA17="turf",AG17*0.01,IF(AA17="",""))))))) | AI17: =IFERROR(AH17/AD17, "") | AJ17: =IFERROR(AH17/AE17, "")
A18: Anderson Island | B18: Amsterdam Bay - PNNL - deeper - test - 2020 | C18: =VLOOKUP(B18,Plantings!$A$2:$C$285,2,FALSE) -> AMS_deeper | D18: =VLOOKUP(B18,Plantings!$A$2:$C$285,3,FALSE) -> single | E18: 2020 | F18: Thom, RM, and L Hallum. 1990. Long‐term changes in the areal extent of tidal marshes, eelgrass meadows, and kelp forests of Puget Sound. FRI‐UW‐9008, Fisheries Research Institute, School of Fisheries, University of Washington, Seattle. Pp. 110. | G18: point | H18: Drayton Passage | I18: CPS | J18: Eelgrass Recovery in PS | K18: USACE | L18: USACE | M18: W912DW-14-2-0009 (93-099566) | N18: IAA 15-45 | O18: PNNL | R18: test | S18: test | T18: 44012 | U18: 47.160376 | V18: -122.72772 | W18: =VLOOKUP(B18,Plantings!$A$2:$E$285,4,FALSE) -> point | X18: =VLOOKUP(B18,Plantings!$A$2:$E$285,5,FALSE) -> retain | Y18: WGS84 | Z18: -1.1 | AA18: rebar | AB18: 2.5 | AC18: 2.5 | AD18: =AB18*AC18 -> 6.25 | AE18: =AG18*0.25 -> 4.75 | AF18: =IF(AA18="staple",AG18*0.005,IF(AA18="rebar",AG18*0.025,IF(AA18="burlap",AG18*0.0625,IF(AA18="washer",AG18*0.0025,IF(AA18="pucks",AG18*0.00785,IF(AA18="turf",AG18*0.01,IF(AA18="",""))))))) -> 0.475 | AG18: 19 | AH18: 475 | AI18: =IFERROR(AH18/AD18, "") -> 76 | AJ18: =IFERROR(AH18/AE18, "") -> 100 | AK18: Anderson Island | AL18: 180 deg az, sandy with gravel some wispy ulva
A19: Anderson Island | B19: Anderson Island West - PNNL - test - 2020 | C19: =VLOOKUP(B19,Plantings!$A$2:$C$285,2,FALSE) -> AND_west3 | D19: =VLOOKUP(B19,Plantings!$A$2:$C$285,3,FALSE) -> single | E19: 2020 | F19: Thom, RM, and L Hallum. 1990. Long‐term changes in the areal extent of tidal marshes, eelgrass meadows, and kelp forests of Puget Sound. FRI‐UW‐9008, Fisheries Research Institute, School of Fisheries, University of Washington, Seattle. Pp. 110. | G19: point | H19: Drayton Passage | I19: CPS | J19: Eelgrass Recovery in PS | K19: USACE | L19: USACE | M19: W912DW-14-2-0009 (93-099566) | N19: IAA 15-45 | O19: PNNL | R19: test | S19: test | T19: 44013 | U19: 47.172138 | V19: -122.72795 | W19: =VLOOKUP(B19,Plantings!$A$2:$E$285,4,FALSE) -> point | X19: =VLOOKUP(B19,Plantings!$A$2:$E$285,5,FALSE) -> retain | Y19: WGS84 | Z19: -1.2 | AA19: rebar | AB19: 3 | AC19: 2.5 | AD19: =AB19*AC19 -> 7.5 | AE19: =AG19*0.25 -> 6.25 | AF19: =IF(AA19="staple",AG19*0.005,IF(AA19="rebar",AG19*0.025,IF(AA19="burlap",AG19*0.0625,IF(AA19="washer",AG19*0.0025,IF(AA19="pucks",AG19*0.00785,IF(AA19="turf",AG19*0.01,IF(AA19="",""))))))) -> 0.625 | AG19: 25 | AH19: 625 | AI19: =IFERROR(AH19/AD19, "") -> 83.333333 | AJ19: =IFERROR(AH19/AE19, "") -> 100 | AK19: Anderson Island | AL19: 180deg az, sandy with little bit of ulva
A20: Anderson Island | B20: Anderson Island Northwest - PNNL - test - 2020 | C20: =VLOOKUP(B20,Plantings!$A$2:$C$285,2,FALSE) -> AND_nw1 | D20: =VLOOKUP(B20,Plantings!$A$2:$C$285,3,FALSE) -> single | E20: 2020 | F20: Thom, RM, and L Hallum. 1990. Long‐term changes in the areal extent of tidal marshes, eelgrass meadows, and kelp forests of Puget Sound. FRI‐UW‐9008, Fisheries Research Institute, School of Fisheries, University of Washington, Seattle. Pp. 110. | G20: point | H20: Drayton Passage | I20: CPS | J20: Eelgrass Recovery in PS | K20: USACE | L20: USACE | M20: W912DW-14-2-0009 (93-099566) | N20: IAA 15-45 | O20: PNNL | R20: test | S20: test | T20: 44012 | U20: 47.1821 | V20: -122.71379 | W20: =VLOOKUP(B20,Plantings!$A$2:$E$285,4,FALSE) -> point | X20: =VLOOKUP(B20,Plantings!$A$2:$E$285,5,FALSE) -> retain | Y20: WGS84 | Z20: -1.3 | AA20: rebar | AB20: 2.5 | AC20: 2.5 | AD20: =AB20*AC20 -> 6.25 | AE20: =AG20*0.25 -> 5 | AF20: =IF(AA20="staple",AG20*0.005,IF(AA20="rebar",AG20*0.025,IF(AA20="burlap",AG20*0.0625,IF(AA20="washer",AG20*0.0025,IF(AA20="pucks",AG20*0.00785,IF(AA20="turf",AG20*0.01,IF(AA20="",""))))))) -> 0.5 | AG20: 20 | AH20: 500 | AI20: =IFERROR(AH20/AD20, "") -> 80 | AJ20: =IFERROR(AH20/AE20, "") -> 100 | AK20: Anderson Island | AL20: 170deg az, sandy with non-attached ulva
A21: Anderson Island | B21: Anderson Island South 1 - west - test - 2021 | C21: =VLOOKUP(B21,Plantings!$A$2:$C$285,2,FALSE) -> AND_west4 | D21: =VLOOKUP(B21,Plantings!$A$2:$C$285,3,FALSE) -> single | E21: 2021 | R21: test | S21: test | T21: 44369 | W21: =VLOOKUP(B21,Plantings!$A$2:$E$285,4,FALSE) -> point | X21: =VLOOKUP(B21,Plantings!$A$2:$E$285,5,FALSE) -> retain | Y21: WGS84 | Z21: -1.5 | AA21: rebar | AB21: 3.5 | AC21: 0.5 | AD21: =AB21*AC21 -> 1.75 | AE21: =AG21*0.25 -> 2.25 | AF21: =IF(AA21="staple",AG21*0.005,IF(AA21="rebar",AG21*0.025,IF(AA21="burlap",AG21*0.0625,IF(AA21="washer",AG21*0.0025,IF(AA21="pucks",AG21*0.00785,IF(AA21="turf",AG21*0.01,IF(AA21="",""))))))) -> 0.225 | AG21: 9 | AH21: 135 | AI21: =IFERROR(AH21/AD21, "") -> 77.142857 | AJ21: =IFERROR(AH21/AE21, "") -> 60 | AK21: DuPont Wharf
A22: Anderson Island | B22: Anderson Island South 2 - west - test - 2021 | C22: =VLOOKUP(B22,Plantings!$A$2:$C$285,2,FALSE) -> AND_west5 | D22: =VLOOKUP(B22,Plantings!$A$2:$C$285,3,FALSE) -> single | E22: 2021 | R22: test | S22: test | T22: 44372 | W22: =VLOOKUP(B22,Plantings!$A$2:$E$285,4,FALSE) -> point | X22: =VLOOKUP(B22,Plantings!$A$2:$E$285,5,FALSE) -> retain | Y22: WGS84 | Z22: -1.5 | AA22: rebar | AB22: 3.5 | AC22: 0.5 | AD22: =AB22*AC22 -> 1.75 | AE22: =AG22*0.25 -> 2.25 | AF22: =IF(AA22="staple",AG22*0.005,IF(AA22="rebar",AG22*0.025,IF(AA22="burlap",AG22*0.0625,IF(AA22="washer",AG22*0.0025,IF(AA22="pucks",AG22*0.00785,IF(AA22="turf",AG22*0.01,IF(AA22="",""))))))) -> 0.225 | AG22: 9 | AH22: 135 | AI22: =IFERROR(AH22/AD22, "") -> 77.142857 | AJ22: =IFERROR(AH22/AE22, "") -> 60 | AK22: DuPont Wharf
A23: Anderson Island | B23: Anderson Island South 3 - west - test - 2021 | C23: =VLOOKUP(B23,Plantings!$A$2:$C$285,2,FALSE) -> AND_west6 | D23: =VLOOKUP(B23,Plantings!$A$2:$C$285,3,FALSE) -> single | E23: 2021 | R23: test | S23: test | T23: 44372 | W23: =VLOOKUP(B23,Plantings!$A$2:$E$285,4,FALSE) -> point | X23: =VLOOKUP(B23,Plantings!$A$2:$E$285,5,FALSE) -> retain | Y23: WGS84 | Z23: -1.5 | AA23: rebar | AB23: 3.5 | AC23: 0.5 | AD23: =AB23*AC23 -> 1.75 | AE23: =AG23*0.25 -> 2.25 | AF23: =IF(AA23="staple",AG23*0.005,IF(AA23="rebar",AG23*0.025,IF(AA23="burlap",AG23*0.0625,IF(AA23="washer",AG23*0.0025,IF(AA23="pucks",AG23*0.00785,IF(AA23="turf",AG23*0.01,IF(AA23="",""))))))) -> 0.225 | AG23: 9 | AH23: 135 | AI23: =IFERROR(AH23/AD23, "") -> 77.142857 | AJ23: =IFERROR(AH23/AE23, "") -> 60 | AK23: DuPont Wharf
A24: Anderson Island | B24: Anderson Island - Carlson Bay SE - DNR - test 1 - 2023 | C24: =VLOOKUP(B24,Plantings!$A$2:$C$285,2,FALSE) -> AND_se1 | D24: =VLOOKUP(B24,Plantings!$A$2:$C$285,3,FALSE) -> single | E24: 2023 | G24: point | H24: Case Inlet | I24: CPS | R24: test | S24: test | T24: 45082 | U24: 47.14154 | V24: -122.73026 | W24: =VLOOKUP(B24,Plantings!$A$2:$E$285,4,FALSE) -> point | X24: =VLOOKUP(B24,Plantings!$A$2:$E$285,5,FALSE) -> retain | Y24: WGS84 | Z24: -1.5 | AA24: rebar | AB24: 1.5 | AC24: 0.5 | AD24: =AB24*AC24 -> 0.75 | AE24: =AG24*0.25 -> 2.25 | AF24: =IF(AA24="staple",AG24*0.005,IF(AA24="rebar",AG24*0.025,IF(AA24="burlap",AG24*0.0625,IF(AA24="washer",AG24*0.0025,IF(AA24="pucks",AG24*0.00785,IF(AA24="turf",AG24*0.01,IF(AA24="TERFS",AG24*0.25,IF(AA24="","")))))))) -> 0.225 | AG24: 9 | AH24: 150 | AI24: =IFERROR(AH24/AD24, "") -> 200 | AJ24: =IFERROR(AH24/AE24, "") -> 66.666667 | AK24: DuPont Wharf
A25: Blind Bay | B25: Blind Bay - DNR - test - 2020 | C25: =VLOOKUP(B25,Plantings!$A$2:$C$285,2,FALSE) -> BB_test_1 | D25: =VLOOKUP(B25,Plantings!$A$2:$C$285,3,FALSE) -> single | E25: 2020 | F25: SVMP | G25: line | H25: Blind Bay | I25: SJS | J25: Eelgrass Recovery in the San Juan Islands | K25: DNR | L25: SRFB - 19-1402 | R25: test | S25: test | T25: 44045 | U25: 48.57816 | V25: -122.94099 | W25: =VLOOKUP(B25,Plantings!$A$2:$E$285,4,FALSE) -> line | X25: =VLOOKUP(B25,Plantings!$A$2:$E$285,5,FALSE) -> retain | Y25: WGS84 | Z25: -1.7 | AA25: rebar | AB25: 14 | AC25: 1 | AD25: =AB25*AC25 -> 14 | AE25: =AG25*0.25 -> 4 | AF25: 0.4 | AG25: 16 | AH25: 320 | AI25: =IFERROR(AH25/AD25, "") -> 22.857143 | AJ25: =IFERROR(AH25/AE25, "") -> 80 | AK25: Dumas Bay | AL25: GPS marks the 0 m helical anchor. Another helical is set at 14 m (48.57810 -122.94094). Planting started at 2 m and ended at 10 m to keep transplants 2 m away from helicals at the end of the 14 m transect. Eelgrass harvested from the Shannon Point Marine Center mesocosms on 31 Jul 2020.
A26: Blind Bay | B26: Blind Bay - DNR - test - 2020 | C26: =VLOOKUP(B26,Plantings!$A$2:$C$285,2,FALSE) -> BB_test_1 | D26: =VLOOKUP(B26,Plantings!$A$2:$C$285,3,FALSE) -> single | E26: 2020 | F26: SVMP | G26: line | H26: Blind Bay | I26: SJS | J26: Eelgrass Recovery in the San Juan Islands | K26: DNR | L26: SRFB - 19-1402 | R26: test | S26: test | T26: 44045 | U26: 48.57816 | V26: -122.94099 | W26: =VLOOKUP(B26,Plantings!$A$2:$E$285,4,FALSE) -> line | X26: =VLOOKUP(B26,Plantings!$A$2:$E$285,5,FALSE) -> retain | Y26: WGS84 | Z26: -1.7 | AA26: rebar | AB26: 14 | AC26: 1 | AD26: =AB26*AC26 -> 14 | AE26: =AG26*0.25 -> 0.75 | AF26: 0.075 | AG26: 3 | AH26: 60 | AI26: =IFERROR(AH26/AD26, "") -> 4.2857143 | AJ26: =IFERROR(AH26/AE26, "") -> 80 | AK26: Fay Bainbridge | AL26: GPS marks the 0 m helical anchor. Another helical is set at 14 m (48.57810 -122.94094). Planting started at 2 m and ended at 10 m to keep transplants 2 m away from helicals at the end of the 14 m transect. Eelgrass harvested from the Shannon Point Marine Center mesocosms on 31 Jul 2020.
A27: Blind Bay | B27: Blind Bay - DNR - test - 2020 | C27: =VLOOKUP(B27,Plantings!$A$2:$C$285,2,FALSE) -> BB_test_1 | D27: =VLOOKUP(B27,Plantings!$A$2:$C$285,3,FALSE) -> single | E27: 2020 | F27: SVMP | G27: line | H27: Blind Bay | I27: SJS | J27: Eelgrass Recovery in the San Juan Islands | K27: DNR | L27: SRFB - 19-1402 | R27: test | S27: test | T27: 44045 | U27: 48.57816 | V27: -122.94099 | W27: =VLOOKUP(B27,Plantings!$A$2:$E$285,4,FALSE) -> line | X27: =VLOOKUP(B27,Plantings!$A$2:$E$285,5,FALSE) -> retain | Y27: WGS84 | Z27: -1.7 | AA27: rebar | AB27: 14 | AC27: 1 | AD27: =AB27*AC27 -> 14 | AE27: =AG27*0.25 -> 2.25 | AF27: 0.225 | AG27: 9 | AH27: 135 | AI27: =IFERROR(AH27/AD27, "") -> 9.6428571 | AJ27: =IFERROR(AH27/AE27, "") -> 60 | AK27: Henry Island | AL27: GPS marks the 0 m helical anchor. Another helical is set at 14 m (48.57810 -122.94094). Planting started at 2 m and ended at 10 m to keep transplants 2 m away from helicals at the end of the 14 m transect. Eelgrass harvested from the Pacific Northwest National Laboratory mesocosms on 31 July 2020.
A28: Blind Bay | B28: Blind Bay - DNR - test - 2020 | C28: =VLOOKUP(B28,Plantings!$A$2:$C$285,2,FALSE) -> BB_test_1 | D28: =VLOOKUP(B28,Plantings!$A$2:$C$285,3,FALSE) -> single | E28: 2020 | F28: SVMP | G28: line | H28: Blind Bay | I28: SJS | J28: Eelgrass Recovery in the San Juan Islands | K28: DNR | L28: SRFB - 19-1402 | R28: test | S28: test | T28: 44045 | U28: 48.57816 | V28: -122.94099 | W28: =VLOOKUP(B28,Plantings!$A$2:$E$285,4,FALSE) -> line | X28: =VLOOKUP(B28,Plantings!$A$2:$E$285,5,FALSE) -> retain | Y28: WGS84 | Z28: -1.7 | AA28: rebar | AB28: 14 | AC28: 1 | AD28: =AB28*AC28 -> 14 | AE28: =AG28*0.25 -> 3.75 | AF28: 0.375 | AG28: 15 | AH28: 210 | AI28: =IFERROR(AH28/AD28, "") -> 15 | AJ28: =IFERROR(AH28/AE28, "") -> 56 | AK28: Ship Harbor | AL28: GPS marks the 0 m helical anchor. Another helical is set at 14 m (48.57810 -122.94094). Planting started at 2 m and ended at 10 m to keep transplants 2 m away from helicals at the end of the 14 m transect. Eelgrass harvested from the Shannon Point Marine Center mesocosms on 31 Jul 2020.
A29: Blind Bay | B29: Blind Bay - DNR - test - 2020 | C29: =VLOOKUP(B29,Plantings!$A$2:$C$285,2,FALSE) -> BB_test_1 | D29: =VLOOKUP(B29,Plantings!$A$2:$C$285,3,FALSE) -> single | E29: 2020 | F29: SVMP | G29: line | H29: Blind Bay | I29: SJS | J29: Eelgrass Recovery in the San Juan Islands | K29: DNR | L29: SRFB - 19-1402 | R29: test | S29: test | T29: 44045 | U29: 48.57816 | V29: -122.94099 | W29: =VLOOKUP(B29,Plantings!$A$2:$E$285,4,FALSE) -> line | X29: =VLOOKUP(B29,Plantings!$A$2:$E$285,5,FALSE) -> retain | Y29: WGS84 | Z29: -1.7 | AA29: rebar | AB29: 14 | AC29: 1 | AD29: =AB29*AC29 -> 14 | AE29: =AG29*0.25 -> 1.75 | AF29: 0.175 | AG29: 7 | AH29: 175 | AI29: =IFERROR(AH29/AD29, "") -> 12.5 | AJ29: =IFERROR(AH29/AE29, "") -> 100 | AK29: Mixed | AL29: GPS marks the 0 m helical anchor. Another helical is set at 14 m (48.57810 -122.94094). Planting started at 2 m and ended at 10 m to keep transplants 2 m away from helicals at the end of the 14 m transect. Eelgrass harvested from the Shannon Point Marine Center mesocosms on 31 Jul 2020.
A30: Chico Bay | B30: Chico Bay - PNNL - test - 2015 | C30: =VLOOKUP(B30,Plantings!$A$2:$C$285,2,FALSE) -> CHC | D30: =VLOOKUP(B30,Plantings!$A$2:$C$285,3,FALSE) -> single | E30: 2015 | G30: point | H30: Dyes Inlet | I30: CPS | J30: Eelgrass Restoration in PS | K30: DNR | L30: Aquatic Restoration Program | O30: PNNL | P30: IAA 12-317.1 | Q30: Aston, L.A., A.B. Borde and J. Vavrinec. 2015. Final Summary Report - Eelgrass Restoration in Puget Sound Project Summary. Pacific Northwest National Laboratory, Richland, WA. PNNL-24445. | R30: test | S30: test | T30: 42053 | U30: 47.606483 | V30: -122.69918 | W30: =VLOOKUP(B30,Plantings!$A$2:$E$285,4,FALSE) -> point | X30: =VLOOKUP(B30,Plantings!$A$2:$E$285,5,FALSE) -> retain | Y30: WGS84 | Z30: -0.85344 | AA30: staple | AB30: 5 | AC30: 5 | AD30: =AB30*AC30 -> 25 | AE30: 25 | AF30: =IF(AA30="staple",AG30*0.005,IF(AA30="rebar",AG30*0.025,IF(AA30="burlap",AG30*0.0625,IF(AA30="washer",AG30*0.0025,IF(AA30="pucks",AG30*0.00785,IF(AA30="turf",AG30*0.01,IF(AA30="",""))))))) -> 0.625 | AG30: =AH30/4 -> 125 | AH30: 500 | AI30: =IFERROR(AH30/AD30, "") -> 20 | AJ30: =IFERROR(AH30/AE30, "") -> 20 | AK30: Creosote Point
A31: Commencement Bay | B31: Commencement Bay - PNNL - Test Plot shallow - 2017 | C31: =VLOOKUP(B31,Plantings!$A$2:$C$285,2,FALSE) -> COM_shallow | D31: =VLOOKUP(B31,Plantings!$A$2:$C$285,3,FALSE) -> single | E31: 2017 | G31: point | H31: Commencement Bay | I31: CPS | J31: Eelgrass Recovery in PS | K31: USFWS | L31: USFWS | M31: WA F16AP00163 AL | O31: PNNL | P31: 93-094344 | R31: test | S31: test | T31: 42978 | U31: 47.27626 | V31: -122.46364 | W31: =VLOOKUP(B31,Plantings!$A$2:$E$285,4,FALSE) -> point | X31: =VLOOKUP(B31,Plantings!$A$2:$E$285,5,FALSE) -> retain | Y31: WGS84 | Z31: -1.524 | AA31: rebar | AB31: 2.5 | AC31: 2.5 | AD31: =AB31*AC31 -> 6.25 | AE31: =AG31*0.25 -> 5 | AF31: =IF(AA31="staple",AG31*0.005,IF(AA31="rebar",AG31*0.025,IF(AA31="burlap",AG31*0.0625,IF(AA31="washer",AG31*0.0025,IF(AA31="pucks",AG31*0.00785,IF(AA31="turf",AG31*0.01,IF(AA31="",""))))))) -> 0.5 | AG31: 20 | AH31: 500 | AI31: =IFERROR(AH31/AD31, "") -> 80 | AJ31: =IFERROR(AH31/AE31, "") -> 100 | AK31: Creosote Point
A32: Commencement Bay | B32: Commencement Bay - PNNL - Test Plot deep - 2017 | C32: =VLOOKUP(B32,Plantings!$A$2:$C$285,2,FALSE) -> COM_deep | D32: =VLOOKUP(B32,Plantings!$A$2:$C$285,3,FALSE) -> single | E32: 2017 | G32: point | H32: Commencement Bay | I32: CPS | J32: Eelgrass Recovery in PS | K32: USFWS | L32: USFWS | M32: WA F16AP00163 AL | O32: PNNL | P32: 93-094344 | R32: test | S32: test | T32: 42978 | U32: 47.276317 | V32: -122.46373 | W32: =VLOOKUP(B32,Plantings!$A$2:$E$285,4,FALSE) -> point | X32: =VLOOKUP(B32,Plantings!$A$2:$E$285,5,FALSE) -> retain | Y32: WGS84 | Z32: -2.4384 | AA32: rebar | AB32: 2.5 | AC32: 2.5 | AD32: =AB32*AC32 -> 6.25 | AE32: =AG32*0.25 -> 5 | AF32: =IF(AA32="staple",AG32*0.005,IF(AA32="rebar",AG32*0.025,IF(AA32="burlap",AG32*0.0625,IF(AA32="washer",AG32*0.0025,IF(AA32="pucks",AG32*0.00785,IF(AA32="turf",AG32*0.01,IF(AA32="",""))))))) -> 0.5 | AG32: 20 | AH32: 500 | AI32: =IFERROR(AH32/AD32, "") -> 80 | AJ32: =IFERROR(AH32/AE32, "") -> 100 | AK32: Creosote Point
A33: Commencement Bay | B33: Commencement Bay - PNNL - large - 2018 | C33: =VLOOKUP(B33,Plantings!$A$2:$C$285,2,FALSE) -> COM_L1 | D33: =VLOOKUP(B33,Plantings!$A$2:$C$285,3,FALSE) -> single | E33: 2018 | G33: line | H33: Commencement Bay | I33: CPS | J33: Eelgrass Recovery in PS | K33: USFWS | L33: USFWS | M33: WA F16AP00163 AL | O33: PNNL | P33: 93-094344 | R33: large scale | S33: large scale | T33: 43277 | U33: 47.2763 | V33: -122.4636 | W33: =VLOOKUP(B33,Plantings!$A$2:$E$285,4,FALSE) -> line | X33: =VLOOKUP(B33,Plantings!$A$2:$E$285,5,FALSE) -> retain | Y33: WGS84 | Z33: -2.4384 | AA33: rebar | AB33: 19 | AC33: 10 | AD33: =AB33*AC33 -> 190 | AE33: =AG33*0.25 -> 108.25 | AF33: =IF(AA33="staple",AG33*0.005,IF(AA33="rebar",AG33*0.025,IF(AA33="burlap",AG33*0.0625,IF(AA33="washer",AG33*0.0025,IF(AA33="pucks",AG33*0.00785,IF(AA33="turf",AG33*0.01,IF(AA33="",""))))))) -> 10.825 | AG33: 433 | AH33: =AG33*25 -> 10825 | AI33: =IFERROR(AH33/AD33, "") -> 56.973684 | AJ33: =IFERROR(AH33/AE33, "") -> 100 | AK33: Dumas Bay | AL33: Planting occurred near 2 test plots so planting was irregular to not overlap with the test plots. See planting diagram
A34: Commencement Bay | B34: Commencement Bay - PNNL - large - 2018 | C34: =VLOOKUP(B34,Plantings!$A$2:$C$285,2,FALSE) -> COM_L1 | D34: =VLOOKUP(B34,Plantings!$A$2:$C$285,3,FALSE) -> single | E34: 2018 | G34: line | H34: Commencement Bay | I34: CPS | J34: Eelgrass Recovery in PS | K34: USFWS | L34: USFWS | M34: WA F16AP00163 AL | O34: PNNL | P34: 93-094344 | R34: large scale | S34: -- | T34: 43277 | U34: 47.27632 | V34: -122.46381 | W34: =VLOOKUP(B34,Plantings!$A$2:$E$285,4,FALSE) -> line | X34: =VLOOKUP(B34,Plantings!$A$2:$E$285,5,FALSE) -> retain | Y34: WGS84 | AF34: =IF(AA34="staple",AG34*0.005,IF(AA34="rebar",AG34*0.025,IF(AA34="burlap",AG34*0.0625,IF(AA34="washer",AG34*0.0025,IF(AA34="pucks",AG34*0.00785,IF(AA34="turf",AG34*0.01,IF(AA34="",""))))))) | AI34: =IFERROR(AH34/AD34, "") | AJ34: =IFERROR(AH34/AE34, "")
A35: Commencement Bay | B35: Commencement Bay - PNNL - large - 2019 | C35: =VLOOKUP(B35,Plantings!$A$2:$C$285,2,FALSE) -> COM_L2 | D35: =VLOOKUP(B35,Plantings!$A$2:$C$285,3,FALSE) -> single | E35: 2019 | G35: line | H35: Commencement Bay | I35: CPS | J35: Eelgrass Recovery in PS | K35: USACE | L35: USACE | M35: W912DW-14-2-0009 (93-099566) | N35: IAA 15-45 | O35: PNNL | P35: 93-099661 | R35: large scale | S35: large scale | T35: 43625 | U35: 47.27629 | V35: -122.46336 | W35: =VLOOKUP(B35,Plantings!$A$2:$E$285,4,FALSE) -> line | X35: =VLOOKUP(B35,Plantings!$A$2:$E$285,5,FALSE) -> retain | Y35: WGS84 | Z35: -2.4 | AA35: rebar | AB35: 27 | AC35: 10 | AD35: =AB35*AC35 -> 270 | AE35: =AG35*0.25 -> 164 | AF35: =IF(AA35="staple",AG35*0.005,IF(AA35="rebar",AG35*0.025,IF(AA35="burlap",AG35*0.0625,IF(AA35="washer",AG35*0.0025,IF(AA35="pucks",AG35*0.00785,IF(AA35="turf",AG35*0.01,IF(AA35="",""))))))) -> 16.4 | AG35: 656 | AH35: 16400 | AI35: =IFERROR(AH35/AD35, "") -> 60.740741 | AJ35: =IFERROR(AH35/AE35, "") -> 100 | AK35: Dumas Bay | AL35: planted 5m on each side of baseline, 10m total width, starting @1m planted 4 rows 0.5m apart, skip 1.5m, repeat. Exceptions: 1 row planted inshore at 3m, offshore rows 8.5m-17.5m 2.5m long, 10m offshore row = 50shoots/rebar, 10.5m-11.5m offshore row = 35shoots/rebar. 300 extra shoots not included in total (column AD)
A36: Commencement Bay | B36: Commencement Bay - PNNL - large - 2019 | C36: =VLOOKUP(B36,Plantings!$A$2:$C$285,2,FALSE) -> COM_L2 | D36: =VLOOKUP(B36,Plantings!$A$2:$C$285,3,FALSE) -> single | E36: 2019 | G36: line | H36: Commencement Bay | I36: CPS | J36: Eelgrass Recovery in PS | K36: USACE | L36: USACE | M36: W912DW-14-2-0009 (93-099566) | N36: IAA 15-45 | O36: PNNL | P36: 93-099661 | R36: large scale | S36: -- | T36: 43625 | U36: 47.276295 | V36: -122.46359 | W36: =VLOOKUP(B36,Plantings!$A$2:$E$285,4,FALSE) -> line | X36: =VLOOKUP(B36,Plantings!$A$2:$E$285,5,FALSE) -> retain | Y36: WGS84 | Z36: -2.6 | AI36: =IFERROR(AH36/AD36, "") | AJ36: =IFERROR(AH36/AE36, "")
A37: Delano Beach | B37: Delano Beach - PNNL - test - 2015 | C37: =VLOOKUP(B37,Plantings!$A$2:$C$285,2,FALSE) -> DEL_1 | D37: =VLOOKUP(B37,Plantings!$A$2:$C$285,3,FALSE) -> initial | E37: 2015 | F37: Thom, RM, and L Hallum. 1990. Long‐term changes in the areal extent of tidal marshes, eelgrass meadows, and kelp forests of Puget Sound. FRI‐UW‐9008, Fisheries Research Institute, School of Fisheries, University of Washington, Seattle. Pp. 110. | G37: point | H37: Carr Inlet | I37: CPS | J37: Eelgrass Restoration in PS | K37: DNR | L37: Aquatic Restoration Program | O37: PNNL | P37: IAA 12-317.1 | Q37: Aston, L.A., A.B. Borde and J. Vavrinec. 2015. Final Summary Report - Eelgrass Restoration in Puget Sound Project Summary. Pacific Northwest National Laboratory, Richland, WA. PNNL-24445. | R37: test | S37: test | T37: 42061 | U37: 47.254983 | V37: -122.73712 | W37: =VLOOKUP(B37,Plantings!$A$2:$E$285,4,FALSE) -> point | X37: =VLOOKUP(B37,Plantings!$A$2:$E$285,5,FALSE) -> retain | Y37: WGS84 | Z37: -2.34696 | AA37: staple | AB37: 5 | AC37: 5 | AD37: =AB37*AC37 -> 25 | AE37: 25 | AF37: =IF(AA37="staple",AG37*0.005,IF(AA37="rebar",AG37*0.025,IF(AA37="burlap",AG37*0.0625,IF(AA37="washer",AG37*0.0025,IF(AA37="pucks",AG37*0.00785,IF(AA37="turf",AG37*0.01,IF(AA37="",""))))))) -> 0.625 | AG37: =AH37/4 -> 125 | AH37: 500 | AI37: =IFERROR(AH37/AD37, "") -> 20 | AJ37: =IFERROR(AH37/AE37, "") -> 20 | AK37: Ketron Island | AL37: "mega"-bundles were planted with 260 shoots on 26 staples outside of the plot and just south
A38: Delano Beach | B38: Delano W T1 - HC - test - 2016 | C38: =VLOOKUP(B38,Plantings!$A$2:$C$285,2,FALSE) -> DEL_L1 | D38: =VLOOKUP(B38,Plantings!$A$2:$C$285,3,FALSE) -> single | E38: 2016 | F38: Thom, RM, and L Hallum. 1990. Long‐term changes in the areal extent of tidal marshes, eelgrass meadows, and kelp forests of Puget Sound. FRI‐UW‐9008, Fisheries Research Institute, School of Fisheries, University of Washington, Seattle. Pp. 110. | G38: line | H38: Carr Inlet | I38: CPS | J38: Eelgrass Restoration in Puget Sound | K38: WDFW | L38: National Estuary Program | M38: 14-02072 | N38: IAA 15-110 | O38: Hart Crowser | P38: SC 16-17 | Q38: Shannon, J., J. Blanchette and J. Gaeckle. 2018. Eelgrass (Zostera marina) Restoration in Puget Sound, WA. Final Restoration and Monitoring Report (12059-05) for US EPA, Hart Crowser, Edmonds, WA. Pp. 131. | R38: test | S38: test | T38: 42481 | U38: 47.25804 | V38: -122.73927 | W38: =VLOOKUP(B38,Plantings!$A$2:$E$285,4,FALSE) -> line | X38: =VLOOKUP(B38,Plantings!$A$2:$E$285,5,FALSE) -> retain | Y38: WGS84 | Z38: -2 | AA38: burlap | AB38: 25 | AC38: 5 | AD38: =AB38*AC38 -> 125 | AE38: 75 | AF38: =IF(AA38="staple",AG38*0.005,IF(AA38="rebar",AG38*0.025,IF(AA38="burlap",AG38*0.0625,IF(AA38="washer",AG38*0.0025,IF(AA38="pucks",AG38*0.00785,IF(AA38="turf",AG38*0.01,IF(AA38="",""))))))) -> 9.75 | AG38: 156 | AH38: 780 | AI38: =IFERROR(AH38/AD38, "") -> 6.24 | AJ38: =IFERROR(AH38/AE38, "") -> 10.4 | AK38: Cutts Island | AL38: transect line that includes 3 test plots
A39: Delano Beach | B39: Delano W T2 - HC - test - 2016 | C39: =VLOOKUP(B39,Plantings!$A$2:$C$285,2,FALSE) -> DEL_L1 | D39: =VLOOKUP(B39,Plantings!$A$2:$C$285,3,FALSE) -> single | E39: 2016 | F39: Thom, RM, and L Hallum. 1990. Long‐term changes in the areal extent of tidal marshes, eelgrass meadows, and kelp forests of Puget Sound. FRI‐UW‐9008, Fisheries Research Institute, School of Fisheries, University of Washington, Seattle. Pp. 110. | G39: line | H39: Carr Inlet | I39: CPS | J39: Eelgrass Restoration in Puget Sound | K39: WDFW | L39: National Estuary Program | M39: 14-02072 | N39: IAA 15-110 | O39: Hart Crowser | P39: SC 16-17 | Q39: Shannon, J., J. Blanchette and J. Gaeckle. 2018. Eelgrass (Zostera marina) Restoration in Puget Sound, WA. Final Restoration and Monitoring Report (12059-05) for US EPA, Hart Crowser, Edmonds, WA. Pp. 131. | R39: test | S39: -- | T39: 42481 | U39: 47.25828 | V39: -122.73809 | W39: =VLOOKUP(B39,Plantings!$A$2:$E$285,4,FALSE) -> line | X39: =VLOOKUP(B39,Plantings!$A$2:$E$285,5,FALSE) -> retain | Y39: WGS84 | Z39: -2 | AA39: burlap | AI39: =IFERROR(AH39/AD39, "") | AJ39: =IFERROR(AH39/AE39, "")
A40: Delano Beach | B40: Delano Beach - SE - HC - large - 2016 | C40: =VLOOKUP(B40,Plantings!$A$2:$C$285,2,FALSE) -> DEL_P1 | D40: =VLOOKUP(B40,Plantings!$A$2:$C$285,3,FALSE) -> single | E40: 2016 | F40: Thom, RM, and L Hallum. 1990. Long‐term changes in the areal extent of tidal marshes, eelgrass meadows, and kelp forests of Puget Sound. FRI‐UW‐9008, Fisheries Research Institute, School of Fisheries, University of Washington, Seattle. Pp. 110. | G40: polygon | H40: Carr Inlet | I40: CPS | J40: Eelgrass Restoration in Puget Sound | K40: WDFW | L40: National Estuary Program | M40: 14-02072 | N40: IAA 15-110 | O40: Hart Crowser | P40: SC 16-17 | Q40: Shannon, J., J. Blanchette and J. Gaeckle. 2018. Eelgrass (Zostera marina) Restoration in Puget Sound, WA. Final Restoration and Monitoring Report (12059-05) for US EPA, Hart Crowser, Edmonds, WA. Pp. 131. | R40: large scale | S40: large scale | T40: 42535 | U40: 47.257533 | V40: -122.7382 | W40: =VLOOKUP(B40,Plantings!$A$2:$E$285,4,FALSE) -> polygon | X40: =VLOOKUP(B40,Plantings!$A$2:$E$285,5,FALSE) -> retain | Y40: WGS84 | Z40: -2 | AA40: burlap | AB40: 35 | AC40: 6 | AD40: =AB40*AC40 -> 210 | AE40: 50.4 | AF40: =IF(AA40="staple",AG40*0.005,IF(AA40="rebar",AG40*0.025,IF(AA40="burlap",AG40*0.0625,IF(AA40="washer",AG40*0.0025,IF(AA40="pucks",AG40*0.00785,IF(AA40="turf",AG40*0.01,IF(AA40="",""))))))) -> 78.75 | AG40: 1260 | AH40: 20850 | AI40: =IFERROR(AH40/AD40, "") -> 99.285714 | AJ40: =IFERROR(AH40/AE40, "") -> 413.69048 | AK40: Cutts Island
A41: Delano Beach | B41: Delano Beach - SW - HC - large - 2016 | C41: =VLOOKUP(B41,Plantings!$A$2:$C$285,2,FALSE) -> DEL_P1 | D41: =VLOOKUP(B41,Plantings!$A$2:$C$285,3,FALSE) -> single | E41: 2016 | F41: Thom, RM, and L Hallum. 1990. Long‐term changes in the areal extent of tidal marshes, eelgrass meadows, and kelp forests of Puget Sound. FRI‐UW‐9008, Fisheries Research Institute, School of Fisheries, University of Washington, Seattle. Pp. 110. | G41: polygon | H41: Carr Inlet | I41: CPS | J41: Eelgrass Restoration in Puget Sound | K41: WDFW | L41: National Estuary Program | M41: 14-02072 | N41: IAA 15-110 | O41: Hart Crowser | P41: SC 16-17 | Q41: Shannon, J., J. Blanchette and J. Gaeckle. 2018. Eelgrass (Zostera marina) Restoration in Puget Sound, WA. Final Restoration and Monitoring Report (12059-05) for US EPA, Hart Crowser, Edmonds, WA. Pp. 131. | R41: large scale | S41: -- | T41: 42535 | U41: 47.257537 | V41: -122.73814 | W41: =VLOOKUP(B41,Plantings!$A$2:$E$285,4,FALSE) -> polygon | X41: =VLOOKUP(B41,Plantings!$A$2:$E$285,5,FALSE) -> retain | Y41: WGS84 | AF41: =IF(AA41="staple",AG41*0.005,IF(AA41="rebar",AG41*0.025,IF(AA41="burlap",AG41*0.0625,IF(AA41="washer",AG41*0.0025,IF(AA41="pucks",AG41*0.00785,IF(AA41="turf",AG41*0.01,IF(AA41="",""))))))) | AI41: =IFERROR(AH41/AD41, "") | AJ41: =IFERROR(AH41/AE41, "")
A42: Delano Beach | B42: Delano Beach - NE - HC - large - 2016 | C42: =VLOOKUP(B42,Plantings!$A$2:$C$285,2,FALSE) -> DEL_P1 | D42: =VLOOKUP(B42,Plantings!$A$2:$C$285,3,FALSE) -> single | E42: 2016 | F42: Thom, RM, and L Hallum. 1990. Long‐term changes in the areal extent of tidal marshes, eelgrass meadows, and kelp forests of Puget Sound. FRI‐UW‐9008, Fisheries Research Institute, School of Fisheries, University of Washington, Seattle. Pp. 110. | G42: polygon | H42: Carr Inlet | I42: CPS | J42: Eelgrass Restoration in Puget Sound | K42: WDFW | L42: National Estuary Program | M42: 14-02072 | N42: IAA 15-110 | O42: Hart Crowser | P42: SC 16-17 | Q42: Shannon, J., J. Blanchette and J. Gaeckle. 2018. Eelgrass (Zostera marina) Restoration in Puget Sound, WA. Final Restoration and Monitoring Report (12059-05) for US EPA, Hart Crowser, Edmonds, WA. Pp. 131. | R42: large scale | S42: -- | T42: 42535 | U42: 47.257842 | V42: -122.73817 | W42: =VLOOKUP(B42,Plantings!$A$2:$E$285,4,FALSE) -> polygon | X42: =VLOOKUP(B42,Plantings!$A$2:$E$285,5,FALSE) -> retain | Y42: WGS84 | AF42: =IF(AA42="staple",AG42*0.005,IF(AA42="rebar",AG42*0.025,IF(AA42="burlap",AG42*0.0625,IF(AA42="washer",AG42*0.0025,IF(AA42="pucks",AG42*0.00785,IF(AA42="turf",AG42*0.01,IF(AA42="",""))))))) | AI42: =IFERROR(AH42/AD42, "") | AJ42: =IFERROR(AH42/AE42, "")
A43: Delano Beach | B43: Delano Beach - NW - HC - large - 2016 | C43: =VLOOKUP(B43,Plantings!$A$2:$C$285,2,FALSE) -> DEL_P1 | D43: =VLOOKUP(B43,Plantings!$A$2:$C$285,3,FALSE) -> single | E43: 2016 | F43: Thom, RM, and L Hallum. 1990. Long‐term changes in the areal extent of tidal marshes, eelgrass meadows, and kelp forests of Puget Sound. FRI‐UW‐9008, Fisheries Research Institute, School of Fisheries, University of Washington, Seattle. Pp. 110. | G43: polygon | H43: Carr Inlet | I43: CPS | J43: Eelgrass Restoration in Puget Sound | K43: WDFW | L43: National Estuary Program | M43: 14-02072 | N43: IAA 15-110 | O43: Hart Crowser | P43: SC 16-17 | Q43: Shannon, J., J. Blanchette and J. Gaeckle. 2018. Eelgrass (Zostera marina) Restoration in Puget Sound, WA. Final Restoration and Monitoring Report (12059-05) for US EPA, Hart Crowser, Edmonds, WA. Pp. 131. | R43: large scale | S43: -- | T43: 42535 | U43: 47.257839 | V43: -122.73824 | W43: =VLOOKUP(B43,Plantings!$A$2:$E$285,4,FALSE) -> polygon | X43: =VLOOKUP(B43,Plantings!$A$2:$E$285,5,FALSE) -> retain | Y43: WGS84 | AF43: =IF(AA43="staple",AG43*0.005,IF(AA43="rebar",AG43*0.025,IF(AA43="burlap",AG43*0.0625,IF(AA43="washer",AG43*0.0025,IF(AA43="pucks",AG43*0.00785,IF(AA43="turf",AG43*0.01,IF(AA43="",""))))))) | AI43: =IFERROR(AH43/AD43, "") | AJ43: =IFERROR(AH43/AE43, "")
A44: Delano Beach | B44: Delano Beach East - north - HC - test - 2017 | C44: =VLOOKUP(B44,Plantings!$A$2:$C$285,2,FALSE) -> DEL_3 | D44: =VLOOKUP(B44,Plantings!$A$2:$C$285,3,FALSE) -> initial | E44: 2017 | F44: Thom, RM, and L Hallum. 1990. Long‐term changes in the areal extent of tidal marshes, eelgrass meadows, and kelp forests of Puget Sound. FRI‐UW‐9008, Fisheries Research Institute, School of Fisheries, University of Washington, Seattle. Pp. 110. | G44: point | H44: Carr Inlet | I44: CPS | J44: Eelgrass Restoration in Puget Sound | K44: WDFW | L44: National Estuary Program | M44: 14-02072 | N44: IAA 15-110 | O44: Hart Crowser | P44: SC 16-17 | Q44: Shannon, J., J. Blanchette and J. Gaeckle. 2018. Eelgrass (Zostera marina) Restoration in Puget Sound, WA. Final Restoration and Monitoring Report (12059-05) for US EPA, Hart Crowser, Edmonds, WA. Pp. 131. | R44: test | S44: test | T44: 42933 | U44: 47.24985 | V44: -122.72317 | W44: =VLOOKUP(B44,Plantings!$A$2:$E$285,4,FALSE) -> point | X44: =VLOOKUP(B44,Plantings!$A$2:$E$285,5,FALSE) -> retain | Y44: WGS84 | Z44: -1.6 | AA44: turf | AB44: 10 | AC44: 1 | AD44: =AB44*AC44 -> 10 | AE44: 6 | AF44: =IF(AA44="staple",AG44*0.005,IF(AA44="rebar",AG44*0.025,IF(AA44="burlap",AG44*0.0625,IF(AA44="washer",AG44*0.0025,IF(AA44="pucks",AG44*0.00785,IF(AA44="turf",AG44*0.01,IF(AA44="",""))))))) -> 1.67 | AG44: 167 | AH44: 1172 | AI44: =IFERROR(AH44/AD44, "") -> 117.2 | AJ44: =IFERROR(AH44/AE44, "") -> 195.33333 | AK44: Cutts Island | AL44: Referred to as 'South Head 1' in final report. Turfs plant 5-15 shoots per staple (X= ~7 shoots/staple because donor site was Cutts Island with larger Zm than Rocky Bay). Estimated number of PUs at test-transplant site as 1172/7 = 167.
A45: Delano Beach | B45: Delano Beach East - south - HC - test - 2017 | C45: =VLOOKUP(B45,Plantings!$A$2:$C$285,2,FALSE) -> DEL_2 | D45: =VLOOKUP(B45,Plantings!$A$2:$C$285,3,FALSE) -> single | E45: 2017 | F45: Thom, RM, and L Hallum. 1990. Long‐term changes in the areal extent of tidal marshes, eelgrass meadows, and kelp forests of Puget Sound. FRI‐UW‐9008, Fisheries Research Institute, School of Fisheries, University of Washington, Seattle. Pp. 110. | G45: point | H45: Carr Inlet | I45: CPS | J45: Eelgrass Restoration in Puget Sound | K45: WDFW | L45: National Estuary Program | M45: 14-02072 | N45: IAA 15-110 | O45: Hart Crowser | P45: SC 16-17 | Q45: Shannon, J., J. Blanchette and J. Gaeckle. 2018. Eelgrass (Zostera marina) Restoration in Puget Sound, WA. Final Restoration and Monitoring Report (12059-05) for US EPA, Hart Crowser, Edmonds, WA. Pp. 131. | R45: test | S45: test | T45: 42933 | U45: 47.24963 | V45: -122.72338 | W45: =VLOOKUP(B45,Plantings!$A$2:$E$285,4,FALSE) -> point | X45: =VLOOKUP(B45,Plantings!$A$2:$E$285,5,FALSE) -> retain | Y45: WGS84 | Z45: -1.6 | AA45: turf | AB45: 10 | AC45: 1 | AD45: =AB45*AC45 -> 10 | AE45: 6 | AF45: =IF(AA45="staple",AG45*0.005,IF(AA45="rebar",AG45*0.025,IF(AA45="burlap",AG45*0.0625,IF(AA45="washer",AG45*0.0025,IF(AA45="pucks",AG45*0.00785,IF(AA45="turf",AG45*0.01,IF(AA45="",""))))))) -> 1.45 | AG45: 145 | AH45: 1015 | AI45: =IFERROR(AH45/AD45, "") -> 101.5 | AJ45: =IFERROR(AH45/AE45, "") -> 169.16667 | AK45: Cutts Island | AL45: Referred to as 'South Head 2' in final report. Turfs plant 5-15 shoots per staple (X= ~7 shoots/staple because donor site was Cutts Island with larger Zm than Rocky Bay). Estimated number of PUs at test-transplant site as 1015/7 = 145.
A46: Delano Beach | B46: Delano Beach - PNNL - test - enhancement | C46: =VLOOKUP(B46,Plantings!$A$2:$C$285,2,FALSE) -> DEL_1 | D46: =VLOOKUP(B46,Plantings!$A$2:$C$285,3,FALSE) -> repeat | E46: 2018 | F46: Thom, RM, and L Hallum. 1990. Long‐term changes in the areal extent of tidal marshes, eelgrass meadows, and kelp forests of Puget Sound. FRI‐UW‐9008, Fisheries Research Institute, School of Fisheries, University of Washington, Seattle. Pp. 110. | G46: point | H46: Carr Inlet | I46: CPS | J46: DNR | K46: DNR | L46: Nearshore Habitat Program | R46: test | S46: test | T46: 43279 | U46: 47.254983 | V46: -122.73712 | W46: =VLOOKUP(B46,Plantings!$A$2:$E$285,4,FALSE) -> point | X46: =VLOOKUP(B46,Plantings!$A$2:$E$285,5,FALSE) -> retain | Y46: WGS84 | Z46: -2.34696 | AA46: rebar | AB46: 5 | AC46: 0.5 | AD46: =AB46*AC46 -> 2.5 | AE46: =AG46*0.25 -> 2.75 | AF46: =IF(AA46="staple",AG46*0.005,IF(AA46="rebar",AG46*0.025,IF(AA46="burlap",AG46*0.0625,IF(AA46="washer",AG46*0.0025,IF(AA46="pucks",AG46*0.00785,IF(AA46="turf",AG46*0.01,IF(AA46="",""))))))) -> 0.275 | AG46: 11 | AH46: =AG46*25 -> 275 | AI46: =IFERROR(AH46/AD46, "") -> 110 | AJ46: =IFERROR(AH46/AE46, "") -> 100 | AK46: DuPont Wharf | AL46: transplanted 4, 0.25 m2 patches. 3 patches had 3, 50 cm lengths of rebar each with 25 shoots while 1 patch had 2, 50 cm lengths of rebar each with 25 shoots.
A47: Delano Beach | B47: Delano Beach East - north - HC - test - enhancement | C47: =VLOOKUP(B47,Plantings!$A$2:$C$285,2,FALSE) -> DEL_3 | D47: =VLOOKUP(B47,Plantings!$A$2:$C$285,3,FALSE) -> repeat | E47: 2018 | F47: Thom, RM, and L Hallum. 1990. Long‐term changes in the areal extent of tidal marshes, eelgrass meadows, and kelp forests of Puget Sound. FRI‐UW‐9008, Fisheries Research Institute, School of Fisheries, University of Washington, Seattle. Pp. 110. | G47: point | H47: Carr Inlet | I47: CPS | J47: DNR | K47: DNR | L47: Nearshore Habitat Program | R47: test | S47: test | T47: 43279 | U47: 47.24985 | V47: -122.72317 | W47: =VLOOKUP(B47,Plantings!$A$2:$E$285,4,FALSE) -> point | X47: =VLOOKUP(B47,Plantings!$A$2:$E$285,5,FALSE) -> retain | Y47: WGS84 | Z47: -1.6 | AA47: rebar | AB47: 5 | AC47: 0.5 | AD47: =AB47*AC47 -> 2.5 | AE47: =AG47*0.25 -> 2.25 | AF47: =IF(AA47="staple",AG47*0.005,IF(AA47="rebar",AG47*0.025,IF(AA47="burlap",AG47*0.0625,IF(AA47="washer",AG47*0.0025,IF(AA47="pucks",AG47*0.00785,IF(AA47="turf",AG47*0.01,IF(AA47="",""))))))) -> 0.225 | AG47: 9 | AH47: =AG47*25 -> 225 | AI47: =IFERROR(AH47/AD47, "") -> 90 | AJ47: =IFERROR(AH47/AE47, "") -> 100 | AK47: DuPont Wharf | AL47: transplanted 3, 0.25 m2 patch with 3, 50 cm lengths of rebar each with 25 shoots near north buoy
A48: Delano Beach | B48: Delano Beach East - PNNL - test - 2020 | C48: =VLOOKUP(B48,Plantings!$A$2:$C$285,2,FALSE) -> DEL_east_1 | D48: =VLOOKUP(B48,Plantings!$A$2:$C$285,3,FALSE) -> single | E48: 2020 | F48: Thom, RM, and L Hallum. 1990. Long‐term changes in the areal extent of tidal marshes, eelgrass meadows, and kelp forests of Puget Sound. FRI‐UW‐9008, Fisheries Research Institute, School of Fisheries, University of Washington, Seattle. Pp. 110. | G48: point | H48: Carr Inlet | I48: CPS | J48: Eelgrass Recovery in PS | K48: USACE | L48: USACE | M48: W912DW-14-2-0009 (93-099566) | N48: IAA 15-45 | O48: PNNL | R48: test | S48: test | T48: 44013 | U48: 47.249993 | V48: -122.72289 | W48: =VLOOKUP(B48,Plantings!$A$2:$E$285,4,FALSE) -> point | X48: =VLOOKUP(B48,Plantings!$A$2:$E$285,5,FALSE) -> retain | Y48: WGS84 | Z48: -1.2 | AA48: rebar | AB48: 2.5 | AC48: 2.5 | AD48: =AB48*AC48 -> 6.25 | AE48: =AG48*0.25 -> 6.25 | AF48: =IF(AA48="staple",AG48*0.005,IF(AA48="rebar",AG48*0.025,IF(AA48="burlap",AG48*0.0625,IF(AA48="washer",AG48*0.0025,IF(AA48="pucks",AG48*0.00785,IF(AA48="turf",AG48*0.01,IF(AA48="",""))))))) -> 0.625 | AG48: 25 | AH48: 625 | AI48: =IFERROR(AH48/AD48, "") -> 100 | AJ48: =IFERROR(AH48/AE48, "") -> 100 | AK48: Anderson Island | AL48: 180deg az, sandy with shell hash, some ulva with sand on it and chaetomorpha, firm bottom
A49: Delano Beach | B49: Delano Beach West - PNNL - test - 2020 | C49: =VLOOKUP(B49,Plantings!$A$2:$C$285,2,FALSE) -> DEL_west_1 | D49: =VLOOKUP(B49,Plantings!$A$2:$C$285,3,FALSE) -> single | E49: 2020 | F49: Thom, RM, and L Hallum. 1990. Long‐term changes in the areal extent of tidal marshes, eelgrass meadows, and kelp forests of Puget Sound. FRI‐UW‐9008, Fisheries Research Institute, School of Fisheries, University of Washington, Seattle. Pp. 110. | G49: point | H49: Carr Inlet | I49: CPS | J49: Eelgrass Recovery in PS | K49: USACE | L49: USACE | M49: W912DW-14-2-0009 (93-099566) | N49: IAA 15-45 | O49: PNNL | R49: test | S49: test | T49: 44013 | U49: 47.252598 | V49: -122.73547 | W49: =VLOOKUP(B49,Plantings!$A$2:$E$285,4,FALSE) -> point | X49: =VLOOKUP(B49,Plantings!$A$2:$E$285,5,FALSE) -> retain | Y49: WGS84 | Z49: -1.6 | AA49: rebar | AB49: 3 | AC49: 2.5 | AD49: =AB49*AC49 -> 7.5 | AE49: =AG49*0.25 -> 6.75 | AF49: =IF(AA49="staple",AG49*0.005,IF(AA49="rebar",AG49*0.025,IF(AA49="burlap",AG49*0.0625,IF(AA49="washer",AG49*0.0025,IF(AA49="pucks",AG49*0.00785,IF(AA49="turf",AG49*0.01,IF(AA49="",""))))))) -> 0.675 | AG49: 27 | AH49: 692 | AI49: =IFERROR(AH49/AD49, "") -> 92.266667 | AJ49: =IFERROR(AH49/AE49, "") -> 102.51852 | AK49: Anderson Island | AL49: 270deg az, sandy with patches of ulva and other "green stuff"
A50: Delano Beach | B50: Delano Beach West - PNNL - large - 2021 | C50: =VLOOKUP(B50,Plantings!$A$2:$C$285,2,FALSE) -> DEL_L | D50: =VLOOKUP(B50,Plantings!$A$2:$C$285,3,FALSE) -> single | E50: 2021 | F50: Thom, RM, and L Hallum. 1990. Long‐term changes in the areal extent of tidal marshes, eelgrass meadows, and kelp forests of Puget Sound. FRI‐UW‐9008, Fisheries Research Institute, School of Fisheries, University of Washington, Seattle. Pp. 110. | G50: point | H50: Carr Inlet | I50: CPS | J50: Eelgrass Recovery in PS | K50: USACE | L50: USACE | M50: W912DW-14-2-0009 (93-099566) | N50: IAA 15-45 | O50: PNNL | R50: large scale | S50: large scale | T50: 44350 | U50: 47.252598 | V50: -122.73547 | W50: =VLOOKUP(B50,Plantings!$A$2:$E$285,4,FALSE) -> point | X50: =VLOOKUP(B50,Plantings!$A$2:$E$285,5,FALSE) -> retain | Y50: WGS84 | Z50: -1.3 | AA50: rebar | AB50: 50 | AC50: 5 | AD50: =AB50*AC50 -> 250 | AE50: =AG50*0.25 -> 149.25 | AF50: =IF(AA50="staple",AG50*0.005,IF(AA50="rebar",AG50*0.025,IF(AA50="burlap",AG50*0.0625,IF(AA50="washer",AG50*0.0025,IF(AA50="pucks",AG50*0.00785,IF(AA50="turf",AG50*0.01,IF(AA50="",""))))))) -> 14.925 | AG50: 597 | AH50: 12305 | AI50: =IFERROR(AH50/AD50, "") -> 49.22 | AJ50: =IFERROR(AH50/AE50, "") -> 82.445561 | AK50: Green Point
A51: Delano Beach | B51: Delano Beach West - DNR - shallow - test - 2021 | C51: =VLOOKUP(B51,Plantings!$A$2:$C$285,2,FALSE) -> DEL_west_shallow_1 | D51: =VLOOKUP(B51,Plantings!$A$2:$C$285,3,FALSE) -> single | E51: 2021 | J51: DNR | K51: DNR | R51: test | S51: test | T51: 44370 | W51: =VLOOKUP(B51,Plantings!$A$2:$E$285,4,FALSE) -> point | X51: =VLOOKUP(B51,Plantings!$A$2:$E$285,5,FALSE) -> retain | Y51: WGS84 | Z51: -1.524 | AA51: rebar | AB51: 1.5 | AC51: 1 | AD51: =AB51*AC51 -> 1.5 | AE51: =AG51*0.25 -> 4.5 | AF51: =IF(AA51="staple",AG51*0.005,IF(AA51="rebar",AG51*0.025,IF(AA51="burlap",AG51*0.0625,IF(AA51="washer",AG51*0.0025,IF(AA51="pucks",AG51*0.00785,IF(AA51="turf",AG51*0.01,IF(AA51="",""))))))) -> 0.45 | AG51: 18 | AH51: 270 | AI51: =IFERROR(AH51/AD51, "") -> 180 | AJ51: =IFERROR(AH51/AE51, "") -> 60 | AK51: DuPont Wharf
A52: Delano Beach | B52: Delano Beach West - DNR - deep - test - 2021 | C52: =VLOOKUP(B52,Plantings!$A$2:$C$285,2,FALSE) -> DEL_west_deep_1 | D52: =VLOOKUP(B52,Plantings!$A$2:$C$285,3,FALSE) -> single | E52: 2021 | J52: DNR | K52: DNR | R52: test | S52: test | T52: 44370 | W52: =VLOOKUP(B52,Plantings!$A$2:$E$285,4,FALSE) -> point | X52: =VLOOKUP(B52,Plantings!$A$2:$E$285,5,FALSE) -> retain | Y52: WGS84 | Z52: -1.524 | AA52: rebar | AB52: 1 | AC52: 1 | AD52: =AB52*AC52 -> 1 | AE52: =AG52*0.25 -> 3 | AF52: =IF(AA52="staple",AG52*0.005,IF(AA52="rebar",AG52*0.025,IF(AA52="burlap",AG52*0.0625,IF(AA52="washer",AG52*0.0025,IF(AA52="pucks",AG52*0.00785,IF(AA52="turf",AG52*0.01,IF(AA52="",""))))))) -> 0.3 | AG52: 12 | AH52: 180 | AI52: =IFERROR(AH52/AD52, "") -> 180 | AJ52: =IFERROR(AH52/AE52, "") -> 60 | AK52: DuPont Wharf
A53: Dumas Bay | B53: Dumas Bay - KC Zm Restoration - test - 2020 | C53: =VLOOKUP(B53,Plantings!$A$2:$C$285,2,FALSE) -> DB_test_1 | D53: =VLOOKUP(B53,Plantings!$A$2:$C$285,3,FALSE) -> single | E53: 2020 | F53: SVMP | G53: point | H53: East Passage | I53: CPS | J53: King County | K53: King County | L53: King County Department of Natural Resources and Parks Wastewater Treatment Division | N53: 93-097520 | R53: test | S53: test | T53: 44018 | U53: 47.32933 | V53: -122.38615 | W53: =VLOOKUP(B53,Plantings!$A$2:$E$285,4,FALSE) -> point | X53: =VLOOKUP(B53,Plantings!$A$2:$E$285,5,FALSE) -> retain | Y53: WGS84 | Z53: -1.6 | AA53: rebar | AB53: 3.5 | AC53: 3.5 | AD53: =AB53*AC53 -> 12.25 | AE53: 1.5 | AF53: =IF(AA53="staple",AG53*0.005,IF(AA53="rebar",AG53*0.025,IF(AA53="burlap",AG53*0.0625,IF(AA53="washer",AG53*0.0025,IF(AA53="pucks",AG53*0.00785,IF(AA53="turf",AG53*0.01,IF(AA53="",""))))))) -> 0.45 | AG53: 18 | AH53: 300 | AI53: =IFERROR(AH53/AD53, "") -> 24.489796 | AJ53: =IFERROR(AH53/AE53, "") -> 200 | AK53: Dumas Bay | AL53: eelgrass harvested from area between Transects B and C at the Dumas Bay SeagrassNet site (WA50.1)
A54: Dumas Bay | B54: Dumas Bay - KC Zm Restoration - test - 2021 | C54: =VLOOKUP(B54,Plantings!$A$2:$C$285,2,FALSE) -> DB_test_2 | D54: =VLOOKUP(B54,Plantings!$A$2:$C$285,3,FALSE) -> single | E54: 2021 | F54: SVMP | G54: point | H54: East Passage | I54: CPS | J54: King County | K54: King County | L54: King County Department of Natural Resources and Parks Wastewater Treatment Division | N54: 93-097520 | R54: test | S54: test | T54: 44314 | U54: 47.32933 | V54: -122.38615 | W54: =VLOOKUP(B54,Plantings!$A$2:$E$285,4,FALSE) -> point | X54: =VLOOKUP(B54,Plantings!$A$2:$E$285,5,FALSE) -> retain | Y54: WGS84 | Z54: -1.6 | AA54: rebar | AB54: 3.5 | AC54: 3.5 | AD54: =AB54*AC54 -> 12.25 | AE54: 1 | AF54: =IF(AA54="staple",AG54*0.005,IF(AA54="rebar",AG54*0.025,IF(AA54="burlap",AG54*0.0625,IF(AA54="washer",AG54*0.0025,IF(AA54="pucks",AG54*0.00785,IF(AA54="turf",AG54*0.01,IF(AA54="",""))))))) -> 0.3 | AG54: 12 | AH54: 300 | AI54: =IFERROR(AH54/AD54, "") -> 24.489796 | AJ54: =IFERROR(AH54/AE54, "") -> 300 | AK54: Dumas Bay | AL54: 2020 test transplants were present so decided to add to the site. Eelgrass harvested from area between Transects B and C at the Dumas Bay SeagrassNet site (WA50.1)
A55: Dumas Bay | B55: Dumas Bay - KC Zm Restoration - test - 2021 | C55: =VLOOKUP(B55,Plantings!$A$2:$C$285,2,FALSE) -> DB_test_2 | D55: =VLOOKUP(B55,Plantings!$A$2:$C$285,3,FALSE) -> single | E55: 2021 | F55: SVMP | G55: point | H55: East Passage | I55: CPS | J55: King County | K55: King County | L55: King County Department of Natural Resources and Parks Wastewater Treatment Division | N55: 93-097520 | R55: test | S55: test | T55: 44329 | U55: 47.32933 | V55: -122.38615 | W55: =VLOOKUP(B55,Plantings!$A$2:$E$285,4,FALSE) -> point | X55: =VLOOKUP(B55,Plantings!$A$2:$E$285,5,FALSE) -> retain | Y55: WGS84 | Z55: -1.6 | AA55: rebar | AB55: 3.5 | AC55: 0.5 | AD55: =AB55*AC55 -> 1.75 | AE55: 0.75 | AF55: =IF(AA55="staple",AG55*0.005,IF(AA55="rebar",AG55*0.025,IF(AA55="burlap",AG55*0.0625,IF(AA55="washer",AG55*0.0025,IF(AA55="pucks",AG55*0.00785,IF(AA55="turf",AG55*0.01,IF(AA55="",""))))))) -> 0.225 | AG55: 9 | AH55: 180 | AI55: =IFERROR(AH55/AD55, "") -> 102.85714 | AJ55: =IFERROR(AH55/AE55, "") -> 240 | AK55: DuPont Wharf | AL55: Planted on plot southwest of light sensor location, then one deeper from there and one plot shallower from there
A56: Dumas Bay | B56: Dumas Bay - KC Zm Restoration - test - 2021 | C56: =VLOOKUP(B56,Plantings!$A$2:$C$285,2,FALSE) -> DB_test_2 | D56: =VLOOKUP(B56,Plantings!$A$2:$C$285,3,FALSE) -> single | E56: 2021 | F56: SVMP | G56: point | H56: East Passage | I56: CPS | J56: King County | K56: King County | L56: King County Department of Natural Resources and Parks Wastewater Treatment Division | N56: 93-097520 | R56: test | S56: test | T56: 44342 | U56: 47.32933 | V56: -122.38615 | W56: =VLOOKUP(B56,Plantings!$A$2:$E$285,4,FALSE) -> point | X56: =VLOOKUP(B56,Plantings!$A$2:$E$285,5,FALSE) -> retain | Y56: WGS84 | Z56: -1.6 | AA56: rebar | AB56: 3.5 | AC56: 0.5 | AD56: =AB56*AC56 -> 1.75 | AE56: 0.75 | AF56: =IF(AA56="staple",AG56*0.005,IF(AA56="rebar",AG56*0.025,IF(AA56="burlap",AG56*0.0625,IF(AA56="washer",AG56*0.0025,IF(AA56="pucks",AG56*0.00785,IF(AA56="turf",AG56*0.01,IF(AA56="",""))))))) -> 0.225 | AG56: 9 | AH56: 180 | AI56: =IFERROR(AH56/AD56, "") -> 102.85714 | AJ56: =IFERROR(AH56/AE56, "") -> 240 | AK56: DuPont Wharf | AL56: Planted on plot ENE of light sensor location. 3 plots of 3 rebar planted at 5m, 6m and 7m ENE of light sensor
A57: Dumas Bay | B57: Dumas Bay - KC Zm Restoration - test - 2021 | C57: =VLOOKUP(B57,Plantings!$A$2:$C$285,2,FALSE) -> DB_test_2 | D57: =VLOOKUP(B57,Plantings!$A$2:$C$285,3,FALSE) -> single | E57: 2021 | F57: SVMP | G57: point | H57: East Passage | I57: CPS | J57: King County | K57: King County | L57: King County Department of Natural Resources and Parks Wastewater Treatment Division | N57: 93-097520 | R57: test | S57: test | T57: 44373 | U57: 47.32933 | V57: -122.38615 | W57: =VLOOKUP(B57,Plantings!$A$2:$E$285,4,FALSE) -> point | X57: =VLOOKUP(B57,Plantings!$A$2:$E$285,5,FALSE) -> retain | Y57: WGS84 | Z57: -1.6 | AA57: rebar | AB57: 3.5 | AC57: 2 | AD57: =AB57*AC57 -> 7 | AE57: 1.5 | AF57: =IF(AA57="staple",AG57*0.005,IF(AA57="rebar",AG57*0.025,IF(AA57="burlap",AG57*0.0625,IF(AA57="washer",AG57*0.0025,IF(AA57="pucks",AG57*0.00785,IF(AA57="turf",AG57*0.01,IF(AA57="",""))))))) -> 0.45 | AG57: 18 | AH57: 270 | AI57: =IFERROR(AH57/AD57, "") -> 38.571429 | AJ57: =IFERROR(AH57/AE57, "") -> 180 | AK57: DuPont Wharf | AL57: planted in parallel groups of 3 in line with transplants from May. One row set 1 m further offshore than the shallow row.
A58: Dumas Bay | B58: Dumas Bay - KC Zm Restoration - test 2 - 2022 | C58: =VLOOKUP(B58,Plantings!$A$2:$C$285,2,FALSE) -> DB_test_6 | D58: =VLOOKUP(B58,Plantings!$A$2:$C$285,3,FALSE) -> single | E58: 2022 | F58: SVMP | G58: point | H58: East Passage | I58: CPS | J58: King County | K58: King County | L58: King County Department of Natural Resources and Parks Wastewater Treatment Division | N58: 93-097520 | R58: test | S58: test | T58: 44728 | U58: 47.32933 | V58: -122.38615 | W58: =VLOOKUP(B58,Plantings!$A$2:$E$285,4,FALSE) -> point | X58: =VLOOKUP(B58,Plantings!$A$2:$E$285,5,FALSE) -> retain | Y58: WGS84 | Z58: -1.6 | AA58: rebar | AB58: 10 | AC58: 1 | AD58: =AB58*AC58 -> 10 | AE58: 5 | AF58: =IF(AA58="staple",AG58*0.005,IF(AA58="rebar",AG58*0.025,IF(AA58="burlap",AG58*0.0625,IF(AA58="washer",AG58*0.0025,IF(AA58="pucks",AG58*0.00785,IF(AA58="turf",AG58*0.01,IF(AA58="",""))))))) -> 1.5 | AG58: 60 | AH58: 720 | AI58: =IFERROR(AH58/AD58, "") -> 72 | AJ58: =IFERROR(AH58/AE58, "") -> 144 | AK58: DuPont Wharf | AL58: set helical anchor 20 m NE of light sensor. From that point, measure out 20 m and planted a 0.25 m2 checkboard along the tape starting at 2 m to 7 m, then again at 12 m to 17 m. Checkerboard pattern layout as follows: 2-2.5 m nearshore planting, 2.5-3 m offshore planting, 3-3.5 nearshore planting, etc.
A59: Dumas Bay | B59: Dumas Bay - KC Zm Restoration - test 1 - 2022 | C59: =VLOOKUP(B59,Plantings!$A$2:$C$285,2,FALSE) -> DB_test_7 | D59: =VLOOKUP(B59,Plantings!$A$2:$C$285,3,FALSE) -> single | E59: 2022 | F59: SVMP | G59: point | H59: East Passage | I59: CPS | J59: King County | K59: King County | L59: King County Department of Natural Resources and Parks Wastewater Treatment Division | N59: 93-097520 | R59: test | S59: test | T59: 44700 | U59: 47.32933 | V59: -122.38615 | W59: =VLOOKUP(B59,Plantings!$A$2:$E$285,4,FALSE) -> point | X59: =VLOOKUP(B59,Plantings!$A$2:$E$285,5,FALSE) -> retain | Y59: WGS84 | Z59: -1.6 | AA59: rebar | AB59: 3 | AC59: 0.5 | AD59: =AB59*AC59 -> 1.5 | AE59: =AG59*0.25 -> 5 | AF59: =IF(AA59="staple",AG59*0.005,IF(AA59="rebar",AG59*0.025,IF(AA59="burlap",AG59*0.0625,IF(AA59="washer",AG59*0.0025,IF(AA59="pucks",AG59*0.00785,IF(AA59="turf",AG59*0.01,IF(AA59="TERFS",AG59*0.25,IF(AA59="","")))))))) -> 0.5 | AG59: 20 | AH59: 400 | AI59: =IFERROR(AH59/AD59, "") -> 266.66667 | AJ59: =IFERROR(AH59/AE59, "") -> 80 | AK59: DuPont Wharf | AL59: planted 20 rebar (6, 0.25 m2 plots + 2 rebar) parallel to shore and deeper than 2021 test transplants from 05/26/2021.
A60: Eld Inlet | B60: Eld Inlet - shallow - PNNL - test - 2015 | C60: =VLOOKUP(B60,Plantings!$A$2:$C$285,2,FALSE) -> ELD_shallow | D60: =VLOOKUP(B60,Plantings!$A$2:$C$285,3,FALSE) -> single | E60: 2015 | G60: point | H60: Eld Inlet | I60: SPS | J60: Eelgrass Restoration in PS | K60: DNR | L60: Aquatic Restoration Program | O60: PNNL | P60: IAA 12-317.1 | Q60: Aston, L.A., A.B. Borde and J. Vavrinec. 2015. Final Summary Report - Eelgrass Restoration in Puget Sound Project Summary. Pacific Northwest National Laboratory, Richland, WA. PNNL-24445. | R60: test | S60: test | T60: 42075 | U60: 47.0974 | V60: -122.95525 | W60: =VLOOKUP(B60,Plantings!$A$2:$E$285,4,FALSE) -> point | X60: =VLOOKUP(B60,Plantings!$A$2:$E$285,5,FALSE) -> retain | Y60: WGS84 | Z60: -1.0668 | AA60: staple | AB60: 5 | AC60: 5 | AD60: =AB60*AC60 -> 25 | AE60: 25 | AF60: =IF(AA60="staple",AG60*0.005,IF(AA60="rebar",AG60*0.025,IF(AA60="burlap",AG60*0.0625,IF(AA60="washer",AG60*0.0025,IF(AA60="pucks",AG60*0.00785,IF(AA60="turf",AG60*0.01,IF(AA60="",""))))))) -> 0.625 | AG60: =AH60/4 -> 125 | AH60: 500 | AI60: =IFERROR(AH60/AD60, "") -> 20 | AJ60: =IFERROR(AH60/AE60, "") -> 20 | AK60: Windy Bluff | AL60: "mega"-bundles were planted with 260 shoots on 26 staples outside of the plot 1 m west of the shallow plot
A61: Eld Inlet | B61: Eld Inlet - deep - PNNL - test - 2015 | C61: =VLOOKUP(B61,Plantings!$A$2:$C$285,2,FALSE) -> ELD_deep | D61: =VLOOKUP(B61,Plantings!$A$2:$C$285,3,FALSE) -> single | E61: 2015 | G61: point | H61: Eld Inlet | I61: SPS | J61: Eelgrass Restoration in PS | K61: DNR | L61: Aquatic Restoration Program | O61: PNNL | P61: IAA 12-317.1 | Q61: Aston, L.A., A.B. Borde and J. Vavrinec. 2015. Final Summary Report - Eelgrass Restoration in Puget Sound Project Summary. Pacific Northwest National Laboratory, Richland, WA. PNNL-24445. | R61: test | S61: test | T61: 42075 | U61: 47.097517 | V61: -122.95535 | W61: =VLOOKUP(B61,Plantings!$A$2:$E$285,4,FALSE) -> point | X61: =VLOOKUP(B61,Plantings!$A$2:$E$285,5,FALSE) -> retain | Y61: WGS84 | Z61: -2.1336 | AA61: staple | AB61: 5 | AC61: 5 | AD61: =AB61*AC61 -> 25 | AE61: 25 | AF61: =IF(AA61="staple",AG61*0.005,IF(AA61="rebar",AG61*0.025,IF(AA61="burlap",AG61*0.0625,IF(AA61="washer",AG61*0.0025,IF(AA61="pucks",AG61*0.00785,IF(AA61="turf",AG61*0.01,IF(AA61="",""))))))) -> 0.625 | AG61: =AH61/4 -> 125 | AH61: 500 | AI61: =IFERROR(AH61/AD61, "") -> 20 | AJ61: =IFERROR(AH61/AE61, "") -> 20 | AK61: Windy Bluff | AL61: "mega"-bundles were planted nearby, see Eld Inlet shallow
A62: Eld Inlet | B62: Eld Inlet - PNNL - test - 2020 | C62: =VLOOKUP(B62,Plantings!$A$2:$C$285,2,FALSE) -> ELD | D62: =VLOOKUP(B62,Plantings!$A$2:$C$285,3,FALSE) -> single | E62: 2020 | G62: point | H62: Eld Inlet | I62: SPS | J62: Eelgrass Recovery in PS | K62: USACE | L62: USACE | M62: W912DW-14-2-0009 (93-099566) | N62: IAA 15-45 | O62: PNNL | R62: test | S62: test | T62: 44013 | U62: 47.12121 | V62: -122.94376 | W62: =VLOOKUP(B62,Plantings!$A$2:$E$285,4,FALSE) -> point | X62: =VLOOKUP(B62,Plantings!$A$2:$E$285,5,FALSE) -> retain | Y62: WGS84 | Z62: -1.6 | AA62: rebar | AB62: 3 | AC62: 2.5 | AD62: =AB62*AC62 -> 7.5 | AE62: =AG62*0.25 -> 6.25 | AF62: =IF(AA62="staple",AG62*0.005,IF(AA62="rebar",AG62*0.025,IF(AA62="burlap",AG62*0.0625,IF(AA62="washer",AG62*0.0025,IF(AA62="pucks",AG62*0.00785,IF(AA62="turf",AG62*0.01,IF(AA62="",""))))))) -> 0.625 | AG62: 25 | AH62: 625 | AI62: =IFERROR(AH62/AD62, "") -> 83.333333 | AJ62: =IFERROR(AH62/AE62, "") -> 100 | AK62: Anderson Island | AL62: 160deg az, mixed fines, soft, no algae
A63: Elwha Delta | B63: Elwha Delta - deep west - PNNL - test - 2016 | C63: =VLOOKUP(B63,Plantings!$A$2:$C$285,2,FALSE) -> ELW_deep_west | D63: =VLOOKUP(B63,Plantings!$A$2:$C$285,3,FALSE) -> single | E63: 2016 | G63: point | H63: Elwha Delta | I63: SJS | J63: Puget Sound Eelgrass Restoration: 3 deltas | K63: USACE | L63: USACE | M63: W912DW-14-2-0009 (93-099566) | N63: IAA 15-45 | O63: PNNL | P63: 93-099661 | R63: test | S63: test | T63: 42593 | U63: 48.1375 | V63: -123.587 | W63: =VLOOKUP(B63,Plantings!$A$2:$E$285,4,FALSE) -> point | X63: =VLOOKUP(B63,Plantings!$A$2:$E$285,5,FALSE) -> retain | Y63: WGS84 | Z63: -4.7 | AA63: rebar | AB63: 2 | AC63: 2 | AD63: =AB63*AC63 -> 4 | AE63: =AG63*0.25 -> 5 | AF63: =IF(AA63="staple",AG63*0.005,IF(AA63="rebar",AG63*0.025,IF(AA63="burlap",AG63*0.0625,IF(AA63="washer",AG63*0.0025,IF(AA63="pucks",AG63*0.00785,IF(AA63="turf",AG63*0.01,IF(AA63="",""))))))) -> 0.5 | AG63: 20 | AH63: 500 | AI63: =IFERROR(AH63/AD63, "") -> 125 | AJ63: =IFERROR(AH63/AE63, "") -> 100 | AK63: Freshwater Bay
A64: Elwha Delta | B64: Elwha Delta - shallow west - PNNL - test - 2016 | C64: =VLOOKUP(B64,Plantings!$A$2:$C$285,2,FALSE) -> ELW_shallow_west | D64: =VLOOKUP(B64,Plantings!$A$2:$C$285,3,FALSE) -> single | E64: 2016 | G64: point | H64: Elwha Delta | I64: SJS | J64: Puget Sound Eelgrass Restoration: 3 deltas | K64: USACE | L64: USACE | M64: W912DW-14-2-0009 (93-099566) | N64: IAA 15-45 | O64: PNNL | P64: 93-099661 | R64: test | S64: test | T64: 42593 | U64: 48.1372 | V64: -123.5869 | W64: =VLOOKUP(B64,Plantings!$A$2:$E$285,4,FALSE) -> point | X64: =VLOOKUP(B64,Plantings!$A$2:$E$285,5,FALSE) -> retain | Y64: WGS84 | Z64: -3.9 | AA64: rebar | AB64: 2 | AC64: 2 | AD64: =AB64*AC64 -> 4 | AE64: =AG64*0.25 -> 5.5 | AF64: =IF(AA64="staple",AG64*0.005,IF(AA64="rebar",AG64*0.025,IF(AA64="burlap",AG64*0.0625,IF(AA64="washer",AG64*0.0025,IF(AA64="pucks",AG64*0.00785,IF(AA64="turf",AG64*0.01,IF(AA64="",""))))))) -> 0.55 | AG64: 22 | AH64: 550 | AI64: =IFERROR(AH64/AD64, "") -> 137.5 | AJ64: =IFERROR(AH64/AE64, "") -> 100 | AK64: Freshwater Bay
A65: Fudge Point | B65: Fudge Point South - north - DNR - rebar test - 2017 | C65: =VLOOKUP(B65,Plantings!$A$2:$C$285,2,FALSE) -> FDG_1 | D65: =VLOOKUP(B65,Plantings!$A$2:$C$285,3,FALSE) -> single | E65: 2017 | F65: Thom, RM, and L Hallum. 1990. Long‐term changes in the areal extent of tidal marshes, eelgrass meadows, and kelp forests of Puget Sound. FRI‐UW‐9008, Fisheries Research Institute, School of Fisheries, University of Washington, Seattle. Pp. 110. | G65: point | H65: Case Inlet | I65: CPS | J65: DNR | K65: DNR | L65: Nearshore Habitat Program | R65: test | S65: test | T65: 42935 | U65: 47.23726 | V65: -122.86145 | W65: =VLOOKUP(B65,Plantings!$A$2:$E$285,4,FALSE) -> point | X65: =VLOOKUP(B65,Plantings!$A$2:$E$285,5,FALSE) -> retain | Y65: WGS84 | Z65: -1.95 | AA65: rebar | AB65: 1 | AC65: 1 | AD65: =AB65*AC65 -> 1 | AE65: =AG65*0.25 -> 1.25 | AF65: =IF(AA65="staple",AG65*0.005,IF(AA65="rebar",AG65*0.025,IF(AA65="burlap",AG65*0.0625,IF(AA65="washer",AG65*0.0025,IF(AA65="pucks",AG65*0.00785,IF(AA65="turf",AG65*0.01,IF(AA65="",""))))))) -> 0.125 | AG65: 5 | AH65: 250 | AI65: =IFERROR(AH65/AD65, "") -> 250 | AJ65: =IFERROR(AH65/AE65, "") -> 200 | AK65: Rocky Bay
A66: Fudge Point | B66: Fudge Point South - south - HC - test - 2017 | C66: =VLOOKUP(B66,Plantings!$A$2:$C$285,2,FALSE) -> FDG_L1 | D66: =VLOOKUP(B66,Plantings!$A$2:$C$285,3,FALSE) -> initial | E66: 2017 | F66: Thom, RM, and L Hallum. 1990. Long‐term changes in the areal extent of tidal marshes, eelgrass meadows, and kelp forests of Puget Sound. FRI‐UW‐9008, Fisheries Research Institute, School of Fisheries, University of Washington, Seattle. Pp. 110. | G66: line | H66: Case Inlet | I66: CPS | J66: Eelgrass Restoration in Puget Sound | K66: WDFW | L66: National Estuary Program | M66: 14-02072 | N66: IAA 15-110 | O66: Hart Crowser | P66: SC 16-17 | Q66: Shannon, J., J. Blanchette and J. Gaeckle. 2018. Eelgrass (Zostera marina) Restoration in Puget Sound, WA. Final Restoration and Monitoring Report (12059-05) for US EPA, Hart Crowser, Edmonds, WA. Pp. 131. | R66: test | S66: test | T66: 42935 | U66: 47.23725 | V66: -122.86138 | W66: =VLOOKUP(B66,Plantings!$A$2:$E$285,4,FALSE) -> line | X66: =VLOOKUP(B66,Plantings!$A$2:$E$285,5,FALSE) -> retain | Y66: WGS84 | Z66: -1.95 | AA66: turf | AB66: 10 | AC66: 1 | AD66: =AB66*AC66 -> 10 | AE66: 6 | AF66: =IF(AA66="staple",AG66*0.005,IF(AA66="rebar",AG66*0.025,IF(AA66="burlap",AG66*0.0625,IF(AA66="washer",AG66*0.0025,IF(AA66="pucks",AG66*0.00785,IF(AA66="turf",AG66*0.01,IF(AA66="",""))))))) -> 1.06 | AG66: 106 | AH66: 1056 | AI66: =IFERROR(AH66/AD66, "") -> 105.6 | AJ66: =IFERROR(AH66/AE66, "") -> 176 | AK66: Rocky Bay | AL66: Referred to as 'Fudge Point 2' in final report. Turfs plant 5-15 shoots per staple (X= ~10 shoots/staple b/c donor site was Rocky Bay). Estimated number of PUs at test-transplant site as 1056/10 = 105
A67: Fudge Point | B67: Fudge Point South - north - HC test - 2017 | C67: =VLOOKUP(B67,Plantings!$A$2:$C$285,2,FALSE) -> FDG_L1 | D67: =VLOOKUP(B67,Plantings!$A$2:$C$285,3,FALSE) -> initial | E67: 2017 | F67: Thom, RM, and L Hallum. 1990. Long‐term changes in the areal extent of tidal marshes, eelgrass meadows, and kelp forests of Puget Sound. FRI‐UW‐9008, Fisheries Research Institute, School of Fisheries, University of Washington, Seattle. Pp. 110. | G67: line | H67: Case Inlet | I67: CPS | J67: Eelgrass Restoration in Puget Sound | K67: WDFW | L67: National Estuary Program | M67: 14-02072 | N67: IAA 15-110 | O67: Hart Crowser | P67: SC 16-17 | Q67: Shannon, J., J. Blanchette and J. Gaeckle. 2018. Eelgrass (Zostera marina) Restoration in Puget Sound, WA. Final Restoration and Monitoring Report (12059-05) for US EPA, Hart Crowser, Edmonds, WA. Pp. 131. | R67: test | S67: -- | T67: 42935 | U67: 47.23726 | V67: -122.86145 | W67: =VLOOKUP(B67,Plantings!$A$2:$E$285,4,FALSE) -> line | X67: =VLOOKUP(B67,Plantings!$A$2:$E$285,5,FALSE) -> retain | Y67: WGS84 | AF67: =IF(AA67="staple",AG67*0.005,IF(AA67="rebar",AG67*0.025,IF(AA67="burlap",AG67*0.0625,IF(AA67="washer",AG67*0.0025,IF(AA67="pucks",AG67*0.00785,IF(AA67="turf",AG67*0.01,IF(AA67="",""))))))) | AI67: =IFERROR(AH67/AD67, "") | AJ67: =IFERROR(AH67/AE67, "")
A68: Fudge Point | B68: Fudge Point North - south - HC - test - 2017 | C68: =VLOOKUP(B68,Plantings!$A$2:$C$285,2,FALSE) -> FDG_L2 | D68: =VLOOKUP(B68,Plantings!$A$2:$C$285,3,FALSE) -> initial | E68: 2017 | F68: Thom, RM, and L Hallum. 1990. Long‐term changes in the areal extent of tidal marshes, eelgrass meadows, and kelp forests of Puget Sound. FRI‐UW‐9008, Fisheries Research Institute, School of Fisheries, University of Washington, Seattle. Pp. 110. | G68: line | H68: Case Inlet | I68: CPS | J68: Eelgrass Restoration in Puget Sound | K68: WDFW | L68: National Estuary Program | M68: 14-02072 | N68: IAA 15-110 | O68: Hart Crowser | P68: SC 16-17 | Q68: Shannon, J., J. Blanchette and J. Gaeckle. 2018. Eelgrass (Zostera marina) Restoration in Puget Sound, WA. Final Restoration and Monitoring Report (12059-05) for US EPA, Hart Crowser, Edmonds, WA. Pp. 131. | R68: test | S68: test | T68: 42935 | U68: 47.23766 | V68: -122.8624 | W68: =VLOOKUP(B68,Plantings!$A$2:$E$285,4,FALSE) -> line | X68: =VLOOKUP(B68,Plantings!$A$2:$E$285,5,FALSE) -> retain | Y68: WGS84 | Z68: -1.95 | AA68: turf | AB68: 10 | AC68: 1 | AD68: =AB68*AC68 -> 10 | AE68: 6 | AF68: =IF(AA68="staple",AG68*0.005,IF(AA68="rebar",AG68*0.025,IF(AA68="burlap",AG68*0.0625,IF(AA68="washer",AG68*0.0025,IF(AA68="pucks",AG68*0.00785,IF(AA68="turf",AG68*0.01,IF(AA68="",""))))))) -> 1.16 | AG68: 116 | AH68: 1160 | AI68: =IFERROR(AH68/AD68, "") -> 116 | AJ68: =IFERROR(AH68/AE68, "") -> 193.33333 | AK68: Rocky Bay | AL68: Referred to as 'Fudge Point 1' in final report. Turfs plant 5-15 shoots per staple (X= ~10 shoots/staple b/c donor site was Rocky Bay). Estimated number of PUs at test-transplant site as 1160/10 = 116
A69: Fudge Point | B69: Fudge Point North - north - HC - test - 2017 | C69: =VLOOKUP(B69,Plantings!$A$2:$C$285,2,FALSE) -> FDG_L2 | D69: =VLOOKUP(B69,Plantings!$A$2:$C$285,3,FALSE) -> initial | E69: 2017 | F69: Thom, RM, and L Hallum. 1990. Long‐term changes in the areal extent of tidal marshes, eelgrass meadows, and kelp forests of Puget Sound. FRI‐UW‐9008, Fisheries Research Institute, School of Fisheries, University of Washington, Seattle. Pp. 110. | G69: line | H69: Case Inlet | I69: CPS | J69: Eelgrass Restoration in Puget Sound | K69: WDFW | L69: National Estuary Program | M69: 14-02072 | N69: IAA 15-110 | O69: Hart Crowser | P69: SC 16-17 | Q69: Shannon, J., J. Blanchette and J. Gaeckle. 2018. Eelgrass (Zostera marina) Restoration in Puget Sound, WA. Final Restoration and Monitoring Report (12059-05) for US EPA, Hart Crowser, Edmonds, WA. Pp. 131. | R69: test | S69: -- | T69: 42935 | U69: 47.23774 | V69: -122.86269 | W69: =VLOOKUP(B69,Plantings!$A$2:$E$285,4,FALSE) -> line | X69: =VLOOKUP(B69,Plantings!$A$2:$E$285,5,FALSE) -> retain | Y69: WGS84 | AF69: =IF(AA69="staple",AG69*0.005,IF(AA69="rebar",AG69*0.025,IF(AA69="burlap",AG69*0.0625,IF(AA69="washer",AG69*0.0025,IF(AA69="pucks",AG69*0.00785,IF(AA69="turf",AG69*0.01,IF(AA69="",""))))))) | AI69: =IFERROR(AH69/AD69, "") | AJ69: =IFERROR(AH69/AE69, "")
A70: Fudge Point | B70: Fudge Point South - south - HC - test - 2018 | C70: =VLOOKUP(B70,Plantings!$A$2:$C$285,2,FALSE) -> FDG_L1 | D70: =VLOOKUP(B70,Plantings!$A$2:$C$285,3,FALSE) -> repeat | E70: 2018 | F70: Thom, RM, and L Hallum. 1990. Long‐term changes in the areal extent of tidal marshes, eelgrass meadows, and kelp forests of Puget Sound. FRI‐UW‐9008, Fisheries Research Institute, School of Fisheries, University of Washington, Seattle. Pp. 110. | G70: line | H70: Case Inlet | I70: CPS | J70: DNR | K70: DNR | L70: Nearshore Habitat Program | R70: test | S70: test | T70: 43263 | U70: 47.23725 | V70: -122.86138 | W70: =VLOOKUP(B70,Plantings!$A$2:$E$285,4,FALSE) -> line | X70: =VLOOKUP(B70,Plantings!$A$2:$E$285,5,FALSE) -> retain | Y70: WGS84 | Z70: -1.95 | AA70: rebar | AB70: 10 | AC70: 0.5 | AD70: =AB70*AC70 -> 5 | AE70: =AG70*0.25 -> 2.25 | AF70: =IF(AA70="staple",AG70*0.005,IF(AA70="rebar",AG70*0.025,IF(AA70="burlap",AG70*0.0625,IF(AA70="washer",AG70*0.0025,IF(AA70="pucks",AG70*0.00785,IF(AA70="turf",AG70*0.01,IF(AA70="",""))))))) -> 0.225 | AG70: 9 | AH70: =AG70*25 -> 225 | AI70: =IFERROR(AH70/AD70, "") -> 45 | AJ70: =IFERROR(AH70/AE70, "") -> 100 | AK70: DuPont Wharf | AL70: Same location as 2017 Fudge Point test transplant sites, just different donor plants. Screw anchor at 0 and 10 m, planted at 1, 5, and 9 meters between screw anchor
A71: Fudge Point | B71: Fudge Point South - north - HC test - 2018 | C71: =VLOOKUP(B71,Plantings!$A$2:$C$285,2,FALSE) -> FDG_L1 | D71: =VLOOKUP(B71,Plantings!$A$2:$C$285,3,FALSE) -> repeat | E71: 2018 | F71: Thom, RM, and L Hallum. 1990. Long‐term changes in the areal extent of tidal marshes, eelgrass meadows, and kelp forests of Puget Sound. FRI‐UW‐9008, Fisheries Research Institute, School of Fisheries, University of Washington, Seattle. Pp. 110. | G71: line | H71: Case Inlet | I71: CPS | J71: DNR | K71: DNR | L71: Nearshore Habitat Program | R71: test | S71: -- | T71: 43263 | U71: 47.23726 | V71: -122.86145 | W71: =VLOOKUP(B71,Plantings!$A$2:$E$285,4,FALSE) -> line | X71: =VLOOKUP(B71,Plantings!$A$2:$E$285,5,FALSE) -> retain | Y71: WGS84 | AF71: =IF(AA71="staple",AG71*0.005,IF(AA71="rebar",AG71*0.025,IF(AA71="burlap",AG71*0.0625,IF(AA71="washer",AG71*0.0025,IF(AA71="pucks",AG71*0.00785,IF(AA71="turf",AG71*0.01,IF(AA71="",""))))))) | AI71: =IFERROR(AH71/AD71, "") | AJ71: =IFERROR(AH71/AE71, "")
A72: Fudge Point | B72: Fudge Point North - south - HC - test - 2018 | C72: =VLOOKUP(B72,Plantings!$A$2:$C$285,2,FALSE) -> FDG_L2 | D72: =VLOOKUP(B72,Plantings!$A$2:$C$285,3,FALSE) -> repeat | E72: 2018 | F72: Thom, RM, and L Hallum. 1990. Long‐term changes in the areal extent of tidal marshes, eelgrass meadows, and kelp forests of Puget Sound. FRI‐UW‐9008, Fisheries Research Institute, School of Fisheries, University of Washington, Seattle. Pp. 110. | G72: line | H72: Case Inlet | I72: CPS | J72: DNR | K72: DNR | L72: Nearshore Habitat Program | R72: test | S72: test | T72: 43263 | U72: 47.23766 | V72: -122.8624 | W72: =VLOOKUP(B72,Plantings!$A$2:$E$285,4,FALSE) -> line | X72: =VLOOKUP(B72,Plantings!$A$2:$E$285,5,FALSE) -> retain | Y72: WGS84 | Z72: -1.95 | AA72: rebar | AB72: 10 | AC72: 0.5 | AD72: =AB72*AC72 -> 5 | AE72: =AG72*0.25 -> 2.25 | AF72: =IF(AA72="staple",AG72*0.005,IF(AA72="rebar",AG72*0.025,IF(AA72="burlap",AG72*0.0625,IF(AA72="washer",AG72*0.0025,IF(AA72="pucks",AG72*0.00785,IF(AA72="turf",AG72*0.01,IF(AA72="",""))))))) -> 0.225 | AG72: 9 | AH72: =AG72*25 -> 225 | AI72: =IFERROR(AH72/AD72, "") -> 45 | AJ72: =IFERROR(AH72/AE72, "") -> 100 | AK72: DuPont Wharf | AL72: Same location as 2017 Fudge Point test transplant sites, just different donor plants. Screw anchor at 0 and 10 m, planted at 1, 5, and 9 meters between screw anchor
A73: Fudge Point | B73: Fudge Point North - north - HC - test - 2018 | C73: =VLOOKUP(B73,Plantings!$A$2:$C$285,2,FALSE) -> FDG_L2 | D73: =VLOOKUP(B73,Plantings!$A$2:$C$285,3,FALSE) -> repeat | E73: 2018 | F73: Thom, RM, and L Hallum. 1990. Long‐term changes in the areal extent of tidal marshes, eelgrass meadows, and kelp forests of Puget Sound. FRI‐UW‐9008, Fisheries Research Institute, School of Fisheries, University of Washington, Seattle. Pp. 110. | G73: line | H73: Case Inlet | I73: CPS | J73: DNR | K73: DNR | L73: Nearshore Habitat Program | R73: test | S73: -- | T73: 43263 | U73: 47.23774 | V73: -122.86269 | W73: =VLOOKUP(B73,Plantings!$A$2:$E$285,4,FALSE) -> line | X73: =VLOOKUP(B73,Plantings!$A$2:$E$285,5,FALSE) -> retain | Y73: WGS84 | AF73: =IF(AA73="staple",AG73*0.005,IF(AA73="rebar",AG73*0.025,IF(AA73="burlap",AG73*0.0625,IF(AA73="washer",AG73*0.0025,IF(AA73="pucks",AG73*0.00785,IF(AA73="turf",AG73*0.01,IF(AA73="",""))))))) | AI73: =IFERROR(AH73/AD73, "") | AJ73: =IFERROR(AH73/AE73, "")
A74: Graham Point | B74: Graham Point - PNNL - test - 2015 | C74: =VLOOKUP(B74,Plantings!$A$2:$C$285,2,FALSE) -> GRA_1 | D74: =VLOOKUP(B74,Plantings!$A$2:$C$285,3,FALSE) -> single | E74: 2015 | G74: point | H74: Pickering Passage | I74: SPS | J74: Eelgrass Restoration in PS | K74: DNR | L74: Aquatic Restoration Program | O74: PNNL | P74: IAA 12-317.1 | Q74: Aston, L.A., A.B. Borde and J. Vavrinec. 2015. Final Summary Report - Eelgrass Restoration in Puget Sound Project Summary. Pacific Northwest National Laboratory, Richland, WA. PNNL-24445. | R74: test | S74: test | T74: 42075 | U74: 47.251948 | V74: -122.92783 | W74: =VLOOKUP(B74,Plantings!$A$2:$E$285,4,FALSE) -> point | X74: =VLOOKUP(B74,Plantings!$A$2:$E$285,5,FALSE) -> retain | Y74: WGS84 | Z74: -1.2 | AA74: staple | AB74: 5 | AC74: 5 | AD74: =AB74*AC74 -> 25 | AE74: 25 | AF74: =IF(AA74="staple",AG74*0.005,IF(AA74="rebar",AG74*0.025,IF(AA74="burlap",AG74*0.0625,IF(AA74="washer",AG74*0.0025,IF(AA74="pucks",AG74*0.00785,IF(AA74="turf",AG74*0.01,IF(AA74="",""))))))) -> 0.625 | AG74: =AH74/4 -> 125 | AH74: 500 | AI74: =IFERROR(AH74/AD74, "") -> 20 | AJ74: =IFERROR(AH74/AE74, "") -> 20 | AK74: Windy Bluff | AL74: planting depths on slope depth range of -1.2m, MLLW to -2.1m, MLLW
A75: Graham Point | B75: Graham Point - DNR - test - chia -2016 | C75: =VLOOKUP(B75,Plantings!$A$2:$C$285,2,FALSE) -> GRA_2 | D75: =VLOOKUP(B75,Plantings!$A$2:$C$285,3,FALSE) -> single | E75: 2016 | G75: point | H75: Pickering Passage | I75: SPS | K75: DNR | L75: Nearshore Habitat Program | R75: test | S75: test | T75: 42572 | U75: 47.251948 | V75: -122.92783 | W75: =VLOOKUP(B75,Plantings!$A$2:$E$285,4,FALSE) -> point | X75: =VLOOKUP(B75,Plantings!$A$2:$E$285,5,FALSE) -> drop | Y75: WGS84 | Z75: -0.2 | AA75: rebar | AB75: 0.25 | AC75: 9 | AD75: =AB75*AC75 -> 2.25 | AE75: =AG75*0.25 -> 12.5625 | AF75: =IF(AA75="staple",AG75*0.005,IF(AA75="rebar",AG75*0.025,IF(AA75="burlap",AG75*0.0625,IF(AA75="washer",AG75*0.0025,IF(AA75="pucks",AG75*0.00785,IF(AA75="turf",AG75*0.01,IF(AA75="",""))))))) -> 1.25625 | AG75: =AH75/4 -> 50.25 | AH75: 201 | AI75: =IFERROR(AH75/AD75, "") -> 89.333333 | AJ75: =IFERROR(AH75/AE75, "") -> 16 | AK75: DuPont Wharf | AL75: planted 0.0625 m2 rebar quads at 0 m, -0.2 m, -0.3 m & -0.4 m (4 total 0.0625 m2 quads). Planted slightly shallower than 2015 test plots.
A76: Harstine Island | B76: Harstine Island - PNNL - Test Plot 2 of 4 (north plot) - 2017 | C76: =VLOOKUP(B76,Plantings!$A$2:$C$285,2,FALSE) -> HAR_2 | D76: =VLOOKUP(B76,Plantings!$A$2:$C$285,3,FALSE) -> single | E76: 2017 | G76: point | H76: Case Inlet | I76: CPS | J76: Eelgrass Recovery in PS | K76: USFWS | L76: USFWS | M76: WA F16AP00163 AL | O76: PNNL | P76: 93-094344 | R76: test | S76: test | T76: 42893 | U76: 47.294034 | V76: -122.8542 | W76: =VLOOKUP(B76,Plantings!$A$2:$E$285,4,FALSE) -> point | X76: =VLOOKUP(B76,Plantings!$A$2:$E$285,5,FALSE) -> retain | Y76: WGS84 | Z76: -0.9 | AA76: rebar | AB76: 3 | AC76: 2 | AD76: =AB76*AC76 -> 6 | AE76: =AG76*0.25 -> 5 | AF76: =IF(AA76="staple",AG76*0.005,IF(AA76="rebar",AG76*0.025,IF(AA76="burlap",AG76*0.0625,IF(AA76="washer",AG76*0.0025,IF(AA76="pucks",AG76*0.00785,IF(AA76="turf",AG76*0.01,IF(AA76="",""))))))) -> 0.5 | AG76: 20 | AH76: 1000 | AI76: =IFERROR(AH76/AD76, "") -> 166.66667 | AJ76: =IFERROR(AH76/AE76, "") -> 200 | AK76: Windy Bluff | AL76: S screw anchor for test plot
A77: Harstine Island | B77: Harstine Island - PNNL - Test Plot 3 of 4 (south plot) - 2017 | C77: =VLOOKUP(B77,Plantings!$A$2:$C$285,2,FALSE) -> HAR_3 | D77: =VLOOKUP(B77,Plantings!$A$2:$C$285,3,FALSE) -> single | E77: 2017 | G77: point | H77: Case Inlet | I77: CPS | J77: Eelgrass Recovery in PS | K77: USFWS | L77: USFWS | M77: WA F16AP00163 AL | O77: PNNL | P77: 93-094344 | R77: test | S77: test | T77: 42893 | U77: 47.293667 | V77: -122.8546 | W77: =VLOOKUP(B77,Plantings!$A$2:$E$285,4,FALSE) -> point | X77: =VLOOKUP(B77,Plantings!$A$2:$E$285,5,FALSE) -> retain | Y77: WGS84 | Z77: -1 | AA77: rebar | AB77: 3 | AC77: 2 | AD77: =AB77*AC77 -> 6 | AE77: =AG77*0.25 -> 5 | AF77: =IF(AA77="staple",AG77*0.005,IF(AA77="rebar",AG77*0.025,IF(AA77="burlap",AG77*0.0625,IF(AA77="washer",AG77*0.0025,IF(AA77="pucks",AG77*0.00785,IF(AA77="turf",AG77*0.01,IF(AA77="",""))))))) -> 0.5 | AG77: 20 | AH77: 1000 | AI77: =IFERROR(AH77/AD77, "") -> 166.66667 | AJ77: =IFERROR(AH77/AE77, "") -> 200 | AK77: Windy Bluff | AL77: S screw anchor for test plot
A78: Harstine Island | B78: Harstine Island - PNNL - Test Plot 4 of 4 (south of south plot) staples - 2017 | C78: =VLOOKUP(B78,Plantings!$A$2:$C$285,2,FALSE) -> HAR_4 | D78: =VLOOKUP(B78,Plantings!$A$2:$C$285,3,FALSE) -> single | E78: 2017 | G78: point | H78: Case Inlet | I78: CPS | J78: Eelgrass Recovery in PS | K78: USFWS | L78: USFWS | M78: WA F16AP00163 AL | O78: PNNL | P78: 93-094344 | R78: test | S78: test | T78: 42893 | U78: 47.2919 | V78: -122.85523 | W78: =VLOOKUP(B78,Plantings!$A$2:$E$285,4,FALSE) -> point | X78: =VLOOKUP(B78,Plantings!$A$2:$E$285,5,FALSE) -> retain | Y78: WGS84 | Z78: -2.977896 | AA78: staple | AB78: 2.5 | AC78: 2 | AD78: =AB78*AC78 -> 5 | AE78: 5 | AF78: =IF(AA78="staple",AG78*0.005,IF(AA78="rebar",AG78*0.025,IF(AA78="burlap",AG78*0.0625,IF(AA78="washer",AG78*0.0025,IF(AA78="pucks",AG78*0.00785,IF(AA78="turf",AG78*0.01,IF(AA78="",""))))))) -> 0.5 | AG78: 100 | AH78: 800 | AI78: =IFERROR(AH78/AD78, "") -> 160 | AJ78: =IFERROR(AH78/AE78, "") -> 160 | AK78: Windy Bluff | AL78: side by side plantings using 2 methods
A79: Harstine Island | B79: Harstine Island - PNNL - Test Plot 4 of 4 (south of south plot) rebar - 2017 | C79: =VLOOKUP(B79,Plantings!$A$2:$C$285,2,FALSE) -> HAR_4 | D79: =VLOOKUP(B79,Plantings!$A$2:$C$285,3,FALSE) -> single | E79: 2017 | G79: point | H79: Case Inlet | I79: CPS | J79: Eelgrass Recovery in PS | K79: USFWS | L79: USFWS | M79: WA F16AP00163 AL | O79: PNNL | P79: 93-094344 | R79: test | S79: test | T79: 42893 | U79: 47.2919 | V79: -122.85523 | W79: =VLOOKUP(B79,Plantings!$A$2:$E$285,4,FALSE) -> point | X79: =VLOOKUP(B79,Plantings!$A$2:$E$285,5,FALSE) -> retain | Y79: WGS84 | Z79: -2.977896 | AA79: rebar | AB79: 3 | AC79: 2 | AD79: =AB79*AC79 -> 6 | AE79: =AG79*0.25 -> 5 | AF79: =IF(AA79="staple",AG79*0.005,IF(AA79="rebar",AG79*0.025,IF(AA79="burlap",AG79*0.0625,IF(AA79="washer",AG79*0.0025,IF(AA79="pucks",AG79*0.00785,IF(AA79="turf",AG79*0.01,IF(AA79="",""))))))) -> 0.5 | AG79: 20 | AH79: 1000 | AI79: =IFERROR(AH79/AD79, "") -> 166.66667 | AJ79: =IFERROR(AH79/AE79, "") -> 200 | AK79: Windy Bluff | AL79: side by side plantings using 2 methods
A80: Harstine Island | B80: Harstine Island - PNNL - Test Plot 1 of 4 (north of north plot) - 2017 | C80: =VLOOKUP(B80,Plantings!$A$2:$C$285,2,FALSE) -> HAR_1 | D80: =VLOOKUP(B80,Plantings!$A$2:$C$285,3,FALSE) -> single | E80: 2017 | G80: point | H80: Case Inlet | I80: CPS | J80: Eelgrass Recovery in PS | K80: USFWS | L80: USFWS | M80: WA F16AP00163 AL | O80: PNNL | P80: 93-094344 | R80: test | S80: test | T80: 42893 | U80: 47.295517 | V80: -122.8494 | W80: =VLOOKUP(B80,Plantings!$A$2:$E$285,4,FALSE) -> point | X80: =VLOOKUP(B80,Plantings!$A$2:$E$285,5,FALSE) -> retain | Y80: WGS84 | Z80: -2.80416 | AA80: rebar | AB80: 3 | AC80: 2 | AD80: =AB80*AC80 -> 6 | AE80: =AG80*0.25 -> 5 | AF80: =IF(AA80="staple",AG80*0.005,IF(AA80="rebar",AG80*0.025,IF(AA80="burlap",AG80*0.0625,IF(AA80="washer",AG80*0.0025,IF(AA80="pucks",AG80*0.00785,IF(AA80="turf",AG80*0.01,IF(AA80="",""))))))) -> 0.5 | AG80: 20 | AH80: 1000 | AI80: =IFERROR(AH80/AD80, "") -> 166.66667 | AJ80: =IFERROR(AH80/AE80, "") -> 200 | AK80: Windy Bluff
A81: Harstine Island | B81: Harstine - PNNL - Large Scale 1 - north (deep) - 2018 | C81: =VLOOKUP(B81,Plantings!$A$2:$C$285,2,FALSE) -> HAR_deep_L1 | D81: =VLOOKUP(B81,Plantings!$A$2:$C$285,3,FALSE) -> single | E81: 2018 | G81: line | H81: Case Inlet | I81: CPS | J81: Eelgrass Recovery in PS | K81: USFWS | L81: USFWS | M81: WA F16AP00163 AL | O81: PNNL | P81: 93-094344 | R81: large scale | S81: large scale | T81: 43235 | U81: 47.29382 | V81: -122.85419 | W81: =VLOOKUP(B81,Plantings!$A$2:$E$285,4,FALSE) -> line | X81: =VLOOKUP(B81,Plantings!$A$2:$E$285,5,FALSE) -> retain | Y81: WGS84 | Z81: -1.524 | AA81: rebar | AB81: 42 | AC81: 5 | AD81: =AB81*AC81 -> 210 | AE81: =AG81*0.25 -> 138 | AF81: =IF(AA81="staple",AG81*0.005,IF(AA81="rebar",AG81*0.025,IF(AA81="burlap",AG81*0.0625,IF(AA81="washer",AG81*0.0025,IF(AA81="pucks",AG81*0.00785,IF(AA81="turf",AG81*0.01,IF(AA81="",""))))))) -> 13.8 | AG81: 552 | AH81: 13800 | AI81: =IFERROR(AH81/AD81, "") -> 65.714286 | AJ81: =IFERROR(AH81/AE81, "") -> 100 | AK81: Rocky Point | AL81: base line runs 30°M; 25 shoots/rebar; 552 rebar planted on the offshore side of the base line, see planting diagram, offshore transect
A82: Harstine Island | B82: Harstine - PNNL - Large Scale 1 - north (deep) - 2018 | C82: =VLOOKUP(B82,Plantings!$A$2:$C$285,2,FALSE) -> HAR_deep_L1 | D82: =VLOOKUP(B82,Plantings!$A$2:$C$285,3,FALSE) -> single | E82: 2018 | G82: line | H82: Case Inlet | I82: CPS | J82: Eelgrass Recovery in PS | K82: USFWS | L82: USFWS | M82: WA F16AP00163 AL | O82: PNNL | P82: 93-094344 | R82: large scale | S82: -- | T82: 43235 | U82: 47.29411 | V82: -122.85389 | W82: =VLOOKUP(B82,Plantings!$A$2:$E$285,4,FALSE) -> line | X82: =VLOOKUP(B82,Plantings!$A$2:$E$285,5,FALSE) -> retain | Y82: WGS84 | AF82: =IF(AA82="staple",AG82*0.005,IF(AA82="rebar",AG82*0.025,IF(AA82="burlap",AG82*0.0625,IF(AA82="washer",AG82*0.0025,IF(AA82="pucks",AG82*0.00785,IF(AA82="turf",AG82*0.01,IF(AA82="",""))))))) | AI82: =IFERROR(AH82/AD82, "") | AJ82: =IFERROR(AH82/AE82, "")
A83: Harstine Island | B83: Harstine - PNNL - Large Scale 1 - south (shallow) - 2018 | C83: =VLOOKUP(B83,Plantings!$A$2:$C$285,2,FALSE) -> HAR_shallow_L1 | D83: =VLOOKUP(B83,Plantings!$A$2:$C$285,3,FALSE) -> single | E83: 2018 | G83: line | H83: Case Inlet | I83: CPS | J83: Puget Sound Eelgrass Restoration: 3 deltas | K83: USACE | L83: USACE | M83: W912DW-14-2-0009 (93-099566) | N83: IAA 15-45 | O83: PNNL | P83: 93-099661 | R83: large scale | S83: large scale | T83: 43265 | U83: 47.293693 | V83: -122.8546 | W83: =VLOOKUP(B83,Plantings!$A$2:$E$285,4,FALSE) -> line | X83: =VLOOKUP(B83,Plantings!$A$2:$E$285,5,FALSE) -> retain | Y83: WGS84 | Z83: -1 | AA83: rebar | AB83: 31 | AC83: 5 | AD83: =AB83*AC83 -> 155 | AE83: =AG83*0.25 -> 97 | AF83: =IF(AA83="staple",AG83*0.005,IF(AA83="rebar",AG83*0.025,IF(AA83="burlap",AG83*0.0625,IF(AA83="washer",AG83*0.0025,IF(AA83="pucks",AG83*0.00785,IF(AA83="turf",AG83*0.01,IF(AA83="",""))))))) -> 9.7 | AG83: 388 | AH83: 9688 | AI83: =IFERROR(AH83/AD83, "") -> 62.503226 | AJ83: =IFERROR(AH83/AE83, "") -> 99.876289 | AK83: Windy Bluff | AL83: 0 m screw anchor (also N screw anchor of 2017 test plot 3), baseline runs 15°M, planting started at 3m, second screw anchor placed 40m from the first but planting stopped at 31m. Planted in blocks of 4 rows perpendicular to the baseline; each row seperated by 0.5 m and each block seperated by 1.5 m. Rows extended 5 m perpendicular to baseline.
A84: Harstine Island | B84: Harstine - PNNL - Large Scale 1 - south (shallow) - 2018 | C84: =VLOOKUP(B84,Plantings!$A$2:$C$285,2,FALSE) -> HAR_shallow_L1 | D84: =VLOOKUP(B84,Plantings!$A$2:$C$285,3,FALSE) -> single | E84: 2018 | G84: line | H84: Case Inlet | I84: CPS | J84: Puget Sound Eelgrass Restoration: 3 deltas | K84: USACE | L84: USACE | M84: W912DW-14-2-0009 (93-099566) | N84: IAA 15-45 | O84: PNNL | P84: 93-099661 | R84: large scale | S84: -- | T84: 43265 | U84: 47.293961 | V84: -122.85426 | W84: =VLOOKUP(B84,Plantings!$A$2:$E$285,4,FALSE) -> line | X84: =VLOOKUP(B84,Plantings!$A$2:$E$285,5,FALSE) -> retain | Y84: WGS84 | Z84: -0.9 | AF84: =IF(AA84="staple",AG84*0.005,IF(AA84="rebar",AG84*0.025,IF(AA84="burlap",AG84*0.0625,IF(AA84="washer",AG84*0.0025,IF(AA84="pucks",AG84*0.00785,IF(AA84="turf",AG84*0.01,IF(AA84="",""))))))) | AI84: =IFERROR(AH84/AD84, "") | AJ84: =IFERROR(AH84/AE84, "") | AL84: 40 m screw anchor for baseline, but planting stopped at 31 m
A85: Harstine Island | B85: Harstine Island - PNNL - Large Scale 2 - shallow - 2019 | C85: =VLOOKUP(B85,Plantings!$A$2:$C$285,2,FALSE) -> HAR_shallow_L2 | D85: =VLOOKUP(B85,Plantings!$A$2:$C$285,3,FALSE) -> single | E85: 2019 | G85: line | H85: Case Inlet | I85: CPS | J85: Eelgrass Recovery in PS | K85: USFWS | L85: USFWS | M85: WA F16AP00163 AL | O85: PNNL | P85: 93-094344 | R85: large scale | S85: large scale | T85: 43599 | U85: 47.294048 | V85: -122.85417 | W85: =VLOOKUP(B85,Plantings!$A$2:$E$285,4,FALSE) -> line | X85: =VLOOKUP(B85,Plantings!$A$2:$E$285,5,FALSE) -> retain | Y85: WGS84 | Z85: -0.9 | AA85: rebar | AB85: 39 | AC85: 6 | AD85: =AB85*AC85 -> 234 | AE85: =AG85*0.25 -> 136.75 | AF85: =IF(AA85="staple",AG85*0.005,IF(AA85="rebar",AG85*0.025,IF(AA85="burlap",AG85*0.0625,IF(AA85="washer",AG85*0.0025,IF(AA85="pucks",AG85*0.00785,IF(AA85="turf",AG85*0.01,IF(AA85="",""))))))) -> 13.675 | AG85: 547 | AH85: 13320 | AI85: =IFERROR(AH85/AD85, "") -> 56.923077 | AJ85: =IFERROR(AH85/AE85, "") -> 97.404022 | AK85: Anderson Island, Windy Bluff | AL85: 0 m screw anchor (also N screw anchor for 2017 test plot 2), baseline runs at 60°M 40 m to screw anchor and extends to the south 240°M 7 m (no screw anchor). Planted started at 1 m and extended to 31 m to the north and from -3 to -6.5 m along baseline to south. Planted offshore of baseline in blocks of 4 rows perpendicular to the baseline; each row seperated by 0.5 m and each block seperated by 1.5 m; 5m off baseline planted with Windy Bluff plants (from -6.5 to -3m and 1 to 31 m along baseline), 5m - 6m off baseline planted with Anderson Island plants (from -6.5 m to -3 m and 1 to 21 m along baseline). N end of baseline had more Ulva and seemed less favorable for planting so baseline was extended to the south instead.
A86: Harstine Island | B86: Harstine Island - PNNL - Large Scale 2 - shallow - 2019 | C86: =VLOOKUP(B86,Plantings!$A$2:$C$285,2,FALSE) -> HAR_shallow_L2 | D86: =VLOOKUP(B86,Plantings!$A$2:$C$285,3,FALSE) -> single | E86: 2019 | G86: line | H86: Case Inlet | I86: CPS | J86: Eelgrass Recovery in PS | K86: USFWS | L86: USFWS | M86: WA F16AP00163 AL | O86: PNNL | P86: 93-094344 | R86: large scale | S86: -- | T86: 43599 | U86: 47.294177 | V86: -122.85369 | W86: =VLOOKUP(B86,Plantings!$A$2:$E$285,4,FALSE) -> line | X86: =VLOOKUP(B86,Plantings!$A$2:$E$285,5,FALSE) -> retain | Y86: WGS84 | Z86: -1.2 | AL86: 40 m screw anchor, but planting stopped at 31 m.
A87: Harstine Island | B87: Harstine Island - PNNL - Large Scale 3 - shallow - 2020 | C87: =VLOOKUP(B87,Plantings!$A$2:$C$285,2,FALSE) -> HAR_shallow_L3 | D87: =VLOOKUP(B87,Plantings!$A$2:$C$285,3,FALSE) -> single | E87: 2020 | G87: line | H87: Case Inlet | I87: CPS | J87: Eelgrass Recovery in PS | K87: USFWS | L87: USFWS | M87: WA F16AP00163 AL | O87: PNNL | R87: large scale | S87: large scale | T87: 43983 | U87: 47.293015 | V87: -122.85525 | W87: =VLOOKUP(B87,Plantings!$A$2:$E$285,4,FALSE) -> line | X87: =VLOOKUP(B87,Plantings!$A$2:$E$285,5,FALSE) -> retain | Y87: WGS84 | Z87: -0.9 | AA87: rebar | AB87: 32 | AC87: 6 | AD87: =AB87*AC87 -> 192 | AE87: =AG87*0.25 -> 118.5 | AF87: =IF(AA87="staple",AG87*0.005,IF(AA87="rebar",AG87*0.025,IF(AA87="burlap",AG87*0.0625,IF(AA87="washer",AG87*0.0025,IF(AA87="pucks",AG87*0.00785,IF(AA87="turf",AG87*0.01,IF(AA87="",""))))))) -> 11.85 | AG87: 474 | AH87: 11390 | AI87: =IFERROR(AH87/AD87, "") -> 59.322917 | AJ87: =IFERROR(AH87/AE87, "") -> 96.118143 | AK87: Anderson Island, Windy Bluff | AL87: 0 m screw anchor; baseline runs 5°M, planting started at 2 m and planted to 32 m in blocks of 4 rows perpendicular to the baseline; each row seperated by 0.5 m and each block seperated by 1.5 m. Planted offshore of baseline; 5m off baseline planted with Windy Bluff plants. 5m - 6m off baseline planted with Anderson Island plants. Last 3 rows (31-32) all Anderson Island plants.
A88: Harstine Island | B88: Harstine Island - PNNL - Large Scale 3 - shallow - 2020 | C88: =VLOOKUP(B88,Plantings!$A$2:$C$285,2,FALSE) -> HAR_shallow_L3 | D88: =VLOOKUP(B88,Plantings!$A$2:$C$285,3,FALSE) -> single | E88: 2020 | G88: line | H88: Case Inlet | I88: CPS | J88: Eelgrass Recovery in PS | K88: USFWS | L88: USFWS | M88: WA F16AP00163 AL | O88: PNNL | R88: large scale | S88: -- | T88: 43983 | U88: 47.293316 | V88: -122.85497 | W88: =VLOOKUP(B88,Plantings!$A$2:$E$285,4,FALSE) -> line | X88: =VLOOKUP(B88,Plantings!$A$2:$E$285,5,FALSE) -> retain | Y88: WGS84 | Z88: -1 | AL88: 40 m screw anchor, but planting stopped at 32 m.
A89: Harstine Island | B89: Harstine Island - PNNL - Test Plot 5 (north of north plot) rebar shallow- 2020 | C89: =VLOOKUP(B89,Plantings!$A$2:$C$285,2,FALSE) -> HAR_5 | D89: =VLOOKUP(B89,Plantings!$A$2:$C$285,3,FALSE) -> single | E89: 2020 | G89: point | H89: Case Inlet | I89: CPS | J89: Eelgrass Recovery in PS | K89: USACE | L89: USACE | M89: W912DW-14-2-0009 (93-099566) | N89: IAA 15-45 | O89: PNNL | R89: test | S89: test | T89: 44011 | U89: 47.29577 | V89: -122.84946 | W89: =VLOOKUP(B89,Plantings!$A$2:$E$285,4,FALSE) -> point | X89: =VLOOKUP(B89,Plantings!$A$2:$E$285,5,FALSE) -> retain | Y89: WGS84 | Z89: -1.2 | AA89: rebar | AB89: 2.5 | AC89: 2.5 | AD89: =AB89*AC89 -> 6.25 | AE89: =AG89*0.25 -> 5 | AF89: =IF(AA89="staple",AG89*0.005,IF(AA89="rebar",AG89*0.025,IF(AA89="burlap",AG89*0.0625,IF(AA89="washer",AG89*0.0025,IF(AA89="pucks",AG89*0.00785,IF(AA89="turf",AG89*0.01,IF(AA89="",""))))))) -> 0.5 | AG89: 20 | AH89: 500 | AI89: =IFERROR(AH89/AD89, "") -> 80 | AJ89: =IFERROR(AH89/AE89, "") -> 100 | AK89: Rocky Bay | AL89: 330 deg az, substrate is bare sand, little more current at this site on a rising tide, substrate is more course and sand is not sticky
A90: Harstine Island | B90: Harstine Island - PNNL - Test Plot 6 (south of south plot) rebar shallow - 2020 | C90: =VLOOKUP(B90,Plantings!$A$2:$C$285,2,FALSE) -> HAR_6 | D90: =VLOOKUP(B90,Plantings!$A$2:$C$285,3,FALSE) -> single | E90: 2020 | G90: point | H90: Case Inlet | I90: CPS | J90: Eelgrass Recovery in PS | K90: USACE | L90: USACE | M90: W912DW-14-2-0009 (93-099566) | N90: IAA 15-45 | O90: PNNL | R90: test | S90: test | T90: 44011 | U90: 47.29203 | V90: -122.85557 | W90: =VLOOKUP(B90,Plantings!$A$2:$E$285,4,FALSE) -> point | X90: =VLOOKUP(B90,Plantings!$A$2:$E$285,5,FALSE) -> retain | Y90: WGS84 | Z90: -1.1 | AA90: rebar | AB90: 2.5 | AC90: 2.5 | AD90: =AB90*AC90 -> 6.25 | AE90: =AG90*0.25 -> 5 | AF90: =IF(AA90="staple",AG90*0.005,IF(AA90="rebar",AG90*0.025,IF(AA90="burlap",AG90*0.0625,IF(AA90="washer",AG90*0.0025,IF(AA90="pucks",AG90*0.00785,IF(AA90="turf",AG90*0.01,IF(AA90="",""))))))) -> 0.5 | AG90: 20 | AH90: 500 | AI90: =IFERROR(AH90/AD90, "") -> 80 | AJ90: =IFERROR(AH90/AE90, "") -> 100 | AK90: Rocky Bay | AL90: 15deg azimuth, offshore depth 11ft dive computer,
A91: Herron Island | B91: Herron Island - PNNL - test - 2015 | C91: =VLOOKUP(B91,Plantings!$A$2:$C$285,2,FALSE) -> HRI | D91: =VLOOKUP(B91,Plantings!$A$2:$C$285,3,FALSE) -> single | E91: 2015 | G91: point | H91: Case Inlet | I91: CPS | J91: Eelgrass Restoration in PS | K91: DNR | L91: Aquatic Restoration Program | O91: PNNL | P91: IAA 12-317.1 | Q91: Aston, L.A., A.B. Borde and J. Vavrinec. 2015. Final Summary Report - Eelgrass Restoration in Puget Sound Project Summary. Pacific Northwest National Laboratory, Richland, WA. PNNL-24445. | R91: test | S91: test | T91: 42075 | U91: 47.279499 | V91: -122.8093 | W91: =VLOOKUP(B91,Plantings!$A$2:$E$285,4,FALSE) -> point | X91: =VLOOKUP(B91,Plantings!$A$2:$E$285,5,FALSE) -> retain | Y91: WGS84 | Z91: -1.2 | AA91: staple | AB91: 5 | AC91: 5 | AD91: =AB91*AC91 -> 25 | AE91: 25 | AF91: =IF(AA91="staple",AG91*0.005,IF(AA91="rebar",AG91*0.025,IF(AA91="burlap",AG91*0.0625,IF(AA91="washer",AG91*0.0025,IF(AA91="pucks",AG91*0.00785,IF(AA91="turf",AG91*0.01,IF(AA91="",""))))))) -> 0.625 | AG91: =AH91/4 -> 125 | AH91: 500 | AI91: =IFERROR(AH91/AD91, "") -> 20 | AJ91: =IFERROR(AH91/AE91, "") -> 20 | AK91: Windy Bluff | AL91: "mega"-bundles were planted with 260 shoots on 26 staples outside of the plot and south
A92: Hunter Point | B92: Edgewater - south - PNNL - test - 2015 | C92: =VLOOKUP(B92,Plantings!$A$2:$C$285,2,FALSE) -> HPT_south_1 | D92: =VLOOKUP(B92,Plantings!$A$2:$C$285,3,FALSE) -> single | E92: 2015 | G92: point | H92: Eld Inlet | I92: SPS | J92: Eelgrass Restoration in PS | K92: DNR | L92: Aquatic Restoration Program | O92: PNNL | P92: IAA 12-317.1 | Q92: Aston, L.A., A.B. Borde and J. Vavrinec. 2015. Final Summary Report - Eelgrass Restoration in Puget Sound Project Summary. Pacific Northwest National Laboratory, Richland, WA. PNNL-24445. | R92: test | S92: test | T92: 42142 | U92: 47.151867 | V92: -122.92978 | W92: =VLOOKUP(B92,Plantings!$A$2:$E$285,4,FALSE) -> point | X92: =VLOOKUP(B92,Plantings!$A$2:$E$285,5,FALSE) -> retain | Y92: WGS84 | Z92: -1.0668 | AA92: staple | AB92: 5 | AC92: 5 | AD92: =AB92*AC92 -> 25 | AE92: 25 | AF92: =IF(AA92="staple",AG92*0.005,IF(AA92="rebar",AG92*0.025,IF(AA92="burlap",AG92*0.0625,IF(AA92="washer",AG92*0.0025,IF(AA92="pucks",AG92*0.00785,IF(AA92="turf",AG92*0.01,IF(AA92="",""))))))) -> 0.625 | AG92: =AH92/4 -> 125 | AH92: 500 | AI92: =IFERROR(AH92/AD92, "") -> 20 | AJ92: =IFERROR(AH92/AE92, "") -> 20 | AK92: Thompson Cove | AL92: SW corner of plot
A93: Hunter Point | B93: Edgewater - north - PNNL - test - 2015 | C93: =VLOOKUP(B93,Plantings!$A$2:$C$285,2,FALSE) -> HPT_north_2 | D93: =VLOOKUP(B93,Plantings!$A$2:$C$285,3,FALSE) -> single | E93: 2015 | G93: point | H93: Eld Inlet | I93: SPS | J93: Eelgrass Restoration in PS | K93: DNR | L93: Aquatic Restoration Program | O93: PNNL | P93: IAA 12-317.1 | Q93: Aston, L.A., A.B. Borde and J. Vavrinec. 2015. Final Summary Report - Eelgrass Restoration in Puget Sound Project Summary. Pacific Northwest National Laboratory, Richland, WA. PNNL-24445. | R93: test | S93: test | T93: 42142 | U93: 47.155 | V93: -122.92618 | W93: =VLOOKUP(B93,Plantings!$A$2:$E$285,4,FALSE) -> point | X93: =VLOOKUP(B93,Plantings!$A$2:$E$285,5,FALSE) -> retain | Y93: WGS84 | Z93: -1.3716 | AA93: staple | AB93: 5 | AC93: 5 | AD93: =AB93*AC93 -> 25 | AE93: 25 | AF93: =IF(AA93="staple",AG93*0.005,IF(AA93="rebar",AG93*0.025,IF(AA93="burlap",AG93*0.0625,IF(AA93="washer",AG93*0.0025,IF(AA93="pucks",AG93*0.00785,IF(AA93="turf",AG93*0.01,IF(AA93="",""))))))) -> 0.625 | AG93: =AH93/4 -> 125 | AH93: 500 | AI93: =IFERROR(AH93/AD93, "") -> 20 | AJ93: =IFERROR(AH93/AE93, "") -> 20 | AK93: Thompson Cove | AL93: SW corner of plot, depth taken at NE corner of plot
A94: Hunter Point | B94: Edgewater - south - PNNL - test - deep - 2020 | C94: =VLOOKUP(B94,Plantings!$A$2:$C$285,2,FALSE) -> HPT_south_2 | D94: =VLOOKUP(B94,Plantings!$A$2:$C$285,3,FALSE) -> single | E94: 2020 | G94: point | H94: Eld Inlet | I94: SPS | J94: Eelgrass Recovery in PS | K94: USACE | L94: USACE | M94: W912DW-14-2-0009 (93-099566) | N94: IAA 15-45 | O94: PNNL | R94: test | S94: test | T94: 44011 | U94: 47.151893 | V94: -122.92966 | W94: =VLOOKUP(B94,Plantings!$A$2:$E$285,4,FALSE) -> point | X94: =VLOOKUP(B94,Plantings!$A$2:$E$285,5,FALSE) -> retain | Y94: WGS84 | Z94: -1.5 | AA94: rebar | AB94: 2.5 | AC94: 2.5 | AD94: =AB94*AC94 -> 6.25 | AE94: =AG94*0.25 -> 5 | AF94: =IF(AA94="staple",AG94*0.005,IF(AA94="rebar",AG94*0.025,IF(AA94="burlap",AG94*0.0625,IF(AA94="washer",AG94*0.0025,IF(AA94="pucks",AG94*0.00785,IF(AA94="turf",AG94*0.01,IF(AA94="",""))))))) -> 0.5 | AG94: 20 | AH94: 500 | AI94: =IFERROR(AH94/AD94, "") -> 80 | AJ94: =IFERROR(AH94/AE94, "") -> 100 | AK94: Rocky Bay | AL94: 10deg az, course and compacted sand with lots of fines, lots of algae but still lots of sand visible
A95: Hunter Point | B95: Edgewater - north - PNNL - test - deep - 2020 | C95: =VLOOKUP(B95,Plantings!$A$2:$C$285,2,FALSE) -> HPT_north_2 | D95: =VLOOKUP(B95,Plantings!$A$2:$C$285,3,FALSE) -> single | E95: 2020 | G95: point | H95: Eld Inlet | I95: SPS | J95: Eelgrass Recovery in PS | K95: USACE | L95: USACE | M95: W912DW-14-2-0009 (93-099566) | N95: IAA 15-45 | O95: PNNL | R95: test | S95: test | T95: 44011 | U95: 47.154925 | V95: -122.92612 | W95: =VLOOKUP(B95,Plantings!$A$2:$E$285,4,FALSE) -> point | X95: =VLOOKUP(B95,Plantings!$A$2:$E$285,5,FALSE) -> retain | Y95: WGS84 | Z95: -1.5 | AA95: rebar | AB95: 3 | AC95: 2.5 | AD95: =AB95*AC95 -> 7.5 | AE95: =AG95*0.25 -> 6 | AF95: =IF(AA95="staple",AG95*0.005,IF(AA95="rebar",AG95*0.025,IF(AA95="burlap",AG95*0.0625,IF(AA95="washer",AG95*0.0025,IF(AA95="pucks",AG95*0.00785,IF(AA95="turf",AG95*0.01,IF(AA95="",""))))))) -> 0.6 | AG95: 24 | AH95: 600 | AI95: =IFERROR(AH95/AD95, "") -> 80 | AJ95: =IFERROR(AH95/AE95, "") -> 100 | AK95: Rocky Bay | AL95: 4 extra rebar planted at this site, 60 deg az, mixed fines fairly compact some kelp but can see mostly sand, baseline 14' offshore 15'
A96: Joemma Beach State Park | B96: Joemma Beach State Park Mid - PNNL - shallow - test - 2013 | C96: =VLOOKUP(B96,Plantings!$A$2:$C$285,2,FALSE) -> JSP_mid_shallow | D96: =VLOOKUP(B96,Plantings!$A$2:$C$285,3,FALSE) -> single | E96: 2013 | G96: point | H96: Case Inlet | I96: CPS | J96: 20% more ZM | K96: WDFW | L96: National Estuary Program | M96: 12-1117 | N96: IAA 12-316 | O96: PNNL | P96: IAA 12-317 | Q96: Vavrinec, J., A.B. Borde, R.M. Thom, S.L. Southard, J. Elster, K.D. Hall, L.M. Aston and J.L. Gaeckle. 2014. Evaluation of potential eelgrass restoration sites: methods, results, and recommendations. Prepared for the U.S. Department of Energy under contract DE-AC05-76RL01830. Pacific Northwest National Laboratory, Richland, WA. PNNL-23502. | R96: test | S96: test | T96: 41430 | U96: 47.222283 | V96: -122.80965 | W96: =VLOOKUP(B96,Plantings!$A$2:$E$285,4,FALSE) -> point | X96: =VLOOKUP(B96,Plantings!$A$2:$E$285,5,FALSE) -> retain | Y96: WGS84 | Z96: -0.9144 | AA96: staple | AB96: 6 | AC96: 6 | AD96: =AB96*AC96 -> 36 | AE96: 36 | AF96: =IF(AA96="staple",AG96*0.005,IF(AA96="rebar",AG96*0.025,IF(AA96="burlap",AG96*0.0625,IF(AA96="washer",AG96*0.0025,IF(AA96="pucks",AG96*0.00785,IF(AA96="turf",AG96*0.01,IF(AA96="",""))))))) -> 0.89 | AG96: =AH96/4 -> 178 | AH96: 712 | AI96: =IFERROR(AH96/AD96, "") -> 19.777778 | AJ96: =IFERROR(AH96/AE96, "") -> 19.777778 | AK96: Windy Bluff/Thompson Cove | AL96: Plants from two donor sites were tested at Joemma Beach State Park. Helical removed from test plot on 7 June 2016.
A97: Joemma Beach State Park | B97: Joemma Beach State Park Mid - PNNL - deep - test - 2013 | C97: =VLOOKUP(B97,Plantings!$A$2:$C$285,2,FALSE) -> JSP_mid_deep | D97: =VLOOKUP(B97,Plantings!$A$2:$C$285,3,FALSE) -> single | E97: 2013 | G97: point | H97: Case Inlet | I97: CPS | J97: 20% more ZM | K97: WDFW | L97: National Estuary Program | M97: 12-1117 | N97: IAA 12-316 | O97: PNNL | P97: IAA 12-317 | Q97: Vavrinec, J., A.B. Borde, R.M. Thom, S.L. Southard, J. Elster, K.D. Hall, L.M. Aston and J.L. Gaeckle. 2014. Evaluation of potential eelgrass restoration sites: methods, results, and recommendations. Prepared for the U.S. Department of Energy under contract DE-AC05-76RL01830. Pacific Northwest National Laboratory, Richland, WA. PNNL-23502. | R97: test | S97: test | T97: 41430 | U97: 47.222017 | V97: -122.81008 | W97: =VLOOKUP(B97,Plantings!$A$2:$E$285,4,FALSE) -> point | X97: =VLOOKUP(B97,Plantings!$A$2:$E$285,5,FALSE) -> retain | Y97: WGS84 | Z97: -1.524 | AA97: staple | AB97: 6 | AC97: 6 | AD97: =AB97*AC97 -> 36 | AE97: 36 | AF97: =IF(AA97="staple",AG97*0.005,IF(AA97="rebar",AG97*0.025,IF(AA97="burlap",AG97*0.0625,IF(AA97="washer",AG97*0.0025,IF(AA97="pucks",AG97*0.00785,IF(AA97="turf",AG97*0.01,IF(AA97="",""))))))) -> 0.89 | AG97: =AH97/4 -> 178 | AH97: 712 | AI97: =IFERROR(AH97/AD97, "") -> 19.777778 | AJ97: =IFERROR(AH97/AE97, "") -> 19.777778 | AK97: Windy Bluff/Thompson Cove | AL97: Plants from two donor sites were tested at Joemma State Park
A98: Joemma Beach State Park | B98: Joemma Beach State Park Mid South - W - PNNL - large - 2015 | C98: =VLOOKUP(B98,Plantings!$A$2:$C$285,2,FALSE) -> JSP_mid_south_P1 | D98: =VLOOKUP(B98,Plantings!$A$2:$C$285,3,FALSE) -> single | E98: 2015 | G98: polygon | H98: Case Inlet | I98: CPS | J98: Eelgrass Restoration in PS | K98: DNR | L98: Aquatic Restoration Program | O98: PNNL | P98: IAA 12-317.1 | Q98: Aston, L.A., A.B. Borde and J. Vavrinec. 2015. Final Summary Report - Eelgrass Restoration in Puget Sound Project Summary. Pacific Northwest National Laboratory, Richland, WA. PNNL-24445. | R98: large scale | S98: large scale | T98: 42141 | U98: 47.22235 | V98: -122.8105 | W98: =VLOOKUP(B98,Plantings!$A$2:$E$285,4,FALSE) -> polygon | X98: =VLOOKUP(B98,Plantings!$A$2:$E$285,5,FALSE) -> retain | Y98: WGS84 | AA98: staple | AB98: 50 | AC98: 40 | AD98: =AB98*AC98 -> 2000 | AE98: 126.25 | AF98: =IF(AA98="staple",AG98*0.005,IF(AA98="rebar",AG98*0.025,IF(AA98="burlap",AG98*0.0625,IF(AA98="washer",AG98*0.0025,IF(AA98="pucks",AG98*0.00785,IF(AA98="turf",AG98*0.01,IF(AA98="",""))))))) -> 12.75 | AG98: =AH98/4 -> 2550 | AH98: 10200 | AI98: =IFERROR(AH98/AD98, "") -> 5.1 | AJ98: =IFERROR(AH98/AE98, "") -> 80.792079 | AK98: Windy Bluff and Thompson Cove | AL98: north corner, south plot. Most offshore transect was all Thompson Cove plants, most onshore line was all Windy Bluff plants, south end of the plot was all Windy Bluff plants, north end of the plot was all Thompson Cove plants. See diagram.
A99: Joemma Beach State Park | B99: Joemma Beach State Park Mid South - N - PNNL - large - 2015 | C99: =VLOOKUP(B99,Plantings!$A$2:$C$285,2,FALSE) -> JSP_mid_south_P1 | D99: =VLOOKUP(B99,Plantings!$A$2:$C$285,3,FALSE) -> single | E99: 2015 | G99: polygon | H99: Case Inlet | I99: CPS | J99: Eelgrass Restoration in PS | K99: DNR | L99: Aquatic Restoration Program | O99: PNNL | P99: IAA 12-317.1 | Q99: Aston, L.A., A.B. Borde and J. Vavrinec. 2015. Final Summary Report - Eelgrass Restoration in Puget Sound Project Summary. Pacific Northwest National Laboratory, Richland, WA. PNNL-24445. | R99: large scale | S99: -- | T99: 42141 | U99: 47.222517 | V99: -122.81003 | W99: =VLOOKUP(B99,Plantings!$A$2:$E$285,4,FALSE) -> polygon | X99: =VLOOKUP(B99,Plantings!$A$2:$E$285,5,FALSE) -> retain | Y99: WGS84 | AA99: staple | AI99: =IFERROR(AH99/AD99, "") | AJ99: =IFERROR(AH99/AE99, "") | AL99: east corner, south plot
A100: Joemma Beach State Park | B100: Joemma Beach State Park Mid South - E - PNNL - large - 2015 | C100: =VLOOKUP(B100,Plantings!$A$2:$C$285,2,FALSE) -> JSP_mid_south_P1 | D100: =VLOOKUP(B100,Plantings!$A$2:$C$285,3,FALSE) -> single | E100: 2015 | G100: polygon | H100: Case Inlet | I100: CPS | J100: Eelgrass Restoration in PS | K100: DNR | L100: Aquatic Restoration Program | O100: PNNL | P100: IAA 12-317.1 | Q100: Aston, L.A., A.B. Borde and J. Vavrinec. 2015. Final Summary Report - Eelgrass Restoration in Puget Sound Project Summary. Pacific Northwest National Laboratory, Richland, WA. PNNL-24445. | R100: large scale | S100: -- | T100: 42141 | U100: 47.22215 | V100: -122.80967 | W100: =VLOOKUP(B100,Plantings!$A$2:$E$285,4,FALSE) -> polygon | X100: =VLOOKUP(B100,Plantings!$A$2:$E$285,5,FALSE) -> retain | Y100: WGS84 | Z100: -0.9144 | AA100: staple | AI100: =IFERROR(AH100/AD100, "") | AJ100: =IFERROR(AH100/AE100, "") | AL100: south corner, south plot
...

Sheet Plantings
A1: SITE NAME | B1: planting_location_code | C1: planting_relationships | D1: data_type | E1: retain_drop
A2: Amsterdam Bay - PNNL - shallow - test - 2013 | B2: AMS_shallow | C2: single | D2: point | E2: retain
A3: Amsterdam Bay - PNNL - deep - test - 2013 | B3: AMS_deep | C3: single | D3: point | E3: retain
A4: Joemma Beach State Park Mid - PNNL - shallow - test - 2013 | B4: JSP_mid_shallow | C4: single | D4: point | E4: retain
A5: Joemma Beach State Park Mid - PNNL - deep - test - 2013 | B5: JSP_mid_deep | C5: single | D5: point | E5: retain
A6: Liberty Bay East - PNNL - test - 2013 | B6: LBT_east | C6: single | D6: point | E6: retain
A7: Liberty Bay West - PNNL - test - 2013 | B7: LBT_west | C7: single | D7: point | E7: retain
A8: Westcott Bay East - PNNL - test - 2013 | B8: WES_east | C8: single | D8: point | E8: retain
A9: Westcott Bay West - PNNL - test - 2013 | B9: WES_west | C9: single | D9: point | E9: retain
A10: Zangle Cove - PNNL - test - 2013 | B10: ZAN_1 | C10: single | D10: point | E10: retain
A11: Port Gamble Bay - PNNL - test 5 - 2014 | B11: PTG_5 | C11: single | D11: point | E11: retain
A12: Port Gamble Bay - PNNL - test 2 - 2014 | B12: PTG_2 | C12: single | D12: point | E12: retain
... A24: Herron Island - PNNL - test - 2015 | B24: HRI | C24: single | D24: point | E24: retain
A25: Edgewater - south - PNNL - test - 2015 | B25: HPT_south_1 | C25: single | D25: point | E25: retain | H25: added 1
A26: Edgewater - north - PNNL - test - 2015 | B26: HPT_north_2 | C26: single | D26: point | E26: retain | H26: added 2
A27: Joemma Beach State Park Mid South - W - PNNL - large - 2015 | B27: JSP_mid_south_P1 | C27: single | D27: polygon | E27: retain
A28: Joemma Beach State Park Mid South - N - PNNL - large - 2015 | B28: JSP_mid_south_P1 | C28: single | D28: polygon | E28: retain
A29: Joemma Beach State Park Mid South - E - PNNL - large - 2015 | B29: JSP_mid_south_P1 | C29: single | D29: polygon | E29: retain
A30: Joemma Beach State Park Mid South - S - PNNL - large - 2015 | B30: JSP_mid_south_P1 | C30: single | D30: polygon | E30: retain
A31: Joemma Beach State Park Mid North - NW - PNNL - large - 2015 | B31: JSP_mid_north_P1 | C31: single | D31: polygon | E31: retain
A32: Joemma Beach State Park Mid North - NE - PNNL - large - 2015 | B32: JSP_mid_north_P1 | C32: single | D32: polygon | E32: retain
A33: Joemma Beach State Park Mid North - SE - PNNL - large - 2015 | B33: JSP_mid_north_P1 | C33: single | D33: polygon | E33: retain
A34: Joemma Beach State Park Mid North - SW - PNNL - large - 2015 | B34: JSP_mid_north_P1 | C34: single | D34: polygon | E34: retain
A35: Joemma Beach State Park - southeast - PNNL - test - 2015 | B35: JSP_southeast | C35: single | D35: point | E35: retain
A36: McNeil Island - north - PNNL - test - 2015 | B36: MCN_north | C36: single | D36: point | E36: retain
A37: Ostrich Bay - PNNL - test - 2015 | B37: OST | C37: single | D37: point | E37: retain
A38: Port Gamble Bay - 1 - PNNL - large scale - N corner | B38: PTG_P1 | C38: single | D38: polygon | E38: retain
... A228: Joemma Beach State Park - Mid - Puck 3 - 2018 | B228: JSP_mid_3 | C228: single | D228: point | E228: retain
A229: UPDATED EVERYTHING DOWN FROM HERE
A230: Blind Bay - DNR - test - 2020 | B230: BB_test_1 | C230: single | D230: line | E230: retain
A231: Commencement Bay - PNNL - large - 2019 | B231: COM_L2 | C231: single | D231: line | E231: retain
A232: Delano Beach East - PNNL - test - 2020 | B232: DEL_east_1 | C232: single | D232: point | E232: retain
A233: Delano Beach West - PNNL - test - 2020 | B233: DEL_west_1 | C233: single | D233: point | E233: retain
A234: Delano Beach West - PNNL - large - 2021 | B234: DEL_L | C234: single | D234: point | E234: retain
A235: Delano Beach West - DNR - shallow - test - 2021 | B235: DEL_west_shallow_1 | C235: single | D235: point | E235: retain
A236: Delano Beach West - DNR - deep - test - 2021 | B236: DEL_west_deep_1 | C236: single | D236: point | E236: retain
A237: Dumas Bay - KC Zm Restoration - test - 2020 | B237: DB_test_1 | C237: single | D237: point | E237: retain
A238: Dumas Bay - KC Zm Restoration - test - 2021 | B238: DB_test_2 | C238: single | D238: point | E238: retain
A239: Dumas Bay - KC Zm Restoration - test - 2021 | B239: DB_test_3 | C239: single | D239: point | E239: retain
A240: Dumas Bay - KC Zm Restoration - test - 2021 | B240: DB_test_4 | C240: single | D240: point | E240: retain
A241: Dumas Bay - KC Zm Restoration - test - 2021 | B241: DB_test_5 | C241: single | D241: point | E241: retain
... A252: Harstine Island - PNNL - Test Plot 4 of 4 (south of south plot) staples - 2017 | B252: HAR_4 | C252: single | D252: point | E252: retain
A253: Harstine Island - PNNL - Test Plot 4 of 4 (south of south plot) rebar - 2017 | B253: HAR_4 | C253: single | D253: point | E253: retain | H253: repeated HAR_4 - this is rebar, other is staples?
A254: Edgewater - south - PNNL - test - deep - 2020 | B254: HPT_south_2 | C254: single | D254: point | E254: retain
A255: Edgewater - north - PNNL - test - deep - 2020 | B255: HPT_north_2 | C255: single | D255: point | E255: retain
A256: Joemma Beach State Park South - SE - HC - large 3 - 2017 | B256: JSP_south_P3 | C256: single | D256: polygon | E256: retain
A257: Joemma Beach State Park South - SE - HC - large 4 - 2017 | B257: JSP_south_P4 | C257: single | D257: polygon | E257: retain
A258: Joemma Beach State Park - Mid - chia - 2016 | B258: JSP_chia_1 | C258: single | D258: point | E258: retain | H258: not sure what to do with this
A259: McDermott Point - PNNL - test - 2020 | B259: MCD_1 | C259: single | D259: point | E259: retain
A260: Shine Beach - Squamish Harbor - DNR - test 1 - 2023 | B260: SHB_1 | C260: single | D260: point | E260: retain
A261: Otis Beach - Henderson Inlet - DNR - test 1 - 2023 | B261: OTB_1 | C261: single | D261: point | E261: retain
A262: Myrtle Edwards - DNR - test - DW - 2021 | B262: MRE_1 | C262: single | D262: point | E262: retain | H262: giving yr1, 2021, _1
A263: Myrtle Edwards - DNR - test - DB - 2021 | B263: MRE_1 | C263: single | D263: point | E263: retain | H263: giving yr1, 2021, _1
A264: Myrtle Edwards - DNR - test 1 - DW - 2022 | B264: MRE_2 | C264: single | D264: point | E264: retain | H264: giving yr2, 2022, _2
A265: Myrtle Edwards - DNR - test 2 - DW - 2022 | B265: MRE_2 | C265: single | D265: point | E265: retain | H265: giving yr2, 2022, _2
A266: Amsterdam Bay - PNNL - deeper - test - 2020 | B266: AMS_deeper | C266: single | D266: point | E266: retain
A267: Anderson Island West - PNNL - test - 2020 | B267: AND_west3 | C267: single | D267: point | E267: retain | H267: curious why Large Scale are indicated as L, whereas Test plots are just a #. Sometimes with a space between the previous descriptor or no space???
A268: Anderson Island Northwest - PNNL - test - 2020 | B268: AND_nw1 | C268: single | D268: point | E268: retain
A269: Anderson Island South 1 - west - test - 2021 | B269: AND_west4 | C269: single | D269: point | E269: retain
A270: Anderson Island South 2 - west - test - 2021 | B270: AND_west5 | C270: single | D270: point | E270: retain
A271: Anderson Island South 3 - west - test - 2021 | B271: AND_west6 | C271: single | D271: point | E271: retain
A272: Anderson Island - Carlson Bay SE - DNR - test 1 - 2023 | B272: AND_se1 | C272: single | D272: point | E272: retain
A273: Dog Camp - PNNL - test - 2020 | B273: KYP_dog1 | C273: single | D273: point | E273: retain
A274: Westcott Bay - Bell Point North - DNR - test - 2020-Dumas | B274: WES_test_1 | C274: single | D274: line | E274: retain | H274: 2020 transect with multiple donor sources. Similar effort completed in Blind Bay
A275: Westcott Bay - Bell Point North - DNR - test - 2020-Fay | B275: WES_test_1 | C275: single | D275: line | E275: retain | H275: planting location code is similar to code for Blind Bay (BB_test_1)
A276: Westcott Bay - Bell Point North - DNR - test - 2020-Henry | B276: WES_test_1 | C276: single | D276: line | E276: retain
A277: Westcott Bay - Bell Point North - DNR - test - 2020-Ship | B277: WES_test_1 | C277: single | D277: line | E277: retain
A278: Westcott Bay - Bell Point North - DNR - test - 2020-Mixed | B278: WES_test_1 | C278: single | D278: line | E278: retain
A279: Joemma Beach State Park South of South- PNNL - test - 2020 | B279: WHB_test_1 | C279: single | D279: point | E279: retain
A280: Joemma Beach State Park - Mid - test - 2020 | B280: JSP_mid_4 | C280: single | D280: point | E280: retain
A281: Joemma Beach State Park - Mid - Rebar - 2022 | B281: JSP_mid_connect | C281: single | D281: point | E281: retain | H281: this was 4 small, 0.25m2, plots connecting HC2016 with PNNL2015. Is this considered a point or line?
A282: Joemma Beach State Park - Mid - offshore HC 2016 - Rebar - 2022 | B282: HC_off_1 | C282: single | D282: point | E282: retain
A283: Joemma Beach State Park - Mid - offshore HC 2016 - Rebar - 2025 | B283: HC_off_2 | C283: single | D283: point | E283: retain
A284: Joemma Beach State Park - Mid - Rebar - 2021 | B284: JSP_south_test | C284: single | D284: point | E284: retain | H284: planted south of HC2016
A288: Quartermaster Harbor - PNNL - Test Plot 4S - 2021 | B288: QMH_4S | C288: colocated | H288: these transplants were planted in 2021 and are a repeat of previous transplant plots that were planted in just 2018. How do we account for this repeat transplant that occurred in roughly the same location but a different year (2018 vs 2021)?
A289: Quartermaster Harbor - PNNL - Test Plot 4S - 2021 | B289: QMH_4S | C289: colocated | H289: other challenge is there are 4 - 4S locations, 2 - 5a locations, and 1 additional 4S for 2022
A290: Quartermaster Harbor - PNNL - Test Plot 4S - 2021 | B290: QMH_4S | C290: colocated | H290: copies the 2018 planting_location_code
A291: Quartermaster Harbor - PNNL - Test Plot 5a - 2021 | B291: QMH_5a | C291: colocated | H291: 5a is new
A292: Quartermaster Harbor - PNNL - Test Plot 5a - 2021 | B292: QMH_5a | C292: colocated | H292: 5a is new
A293: Quartermaster Harbor - PNNL - Test Plot 4S - 2021 | B293: QMH_4S | C293: colocated
A294: Quartermaster Harbor - PNNL - Test Plot 4S - 2022 | B294: QMH_4S | C294: colocated | H294: this is 2022
A296: Joemma Beach State Park Mid - DNR - BESE v1 - 1 - Aboveground (AG) | B296: JSP_mid_AG1 | C296: colocated | H296: not sure what to do about these. These 12 plots were the second attempt to transplant with BESE and they were done correctly. The first attempt were done with DuPont Wharf eelgrass and did not do as well. Do we just keep these?
A297: Joemma Beach State Park Mid - DNR - BESE v1 - 1 - Belowground (BG) | B297: JSP_mid_BG1 | C297: colocated
A298: Joemma Beach State Park Mid - DNR - BESE v1 - 1 - Control ( C) | B298: JSP_mid_C1 | C298: colocated
A299: Joemma Beach State Park Mid - DNR - BESE v1 - 2 - AG | B299: JSP_mid_AG2 | C299: colocated
A300: Joemma Beach State Park Mid - DNR - BESE v1 - 2 - C | B300: JSP_mid_C2 | C300: colocated
A301: Joemma Beach State Park Mid - DNR - BESE v1 - 2 - BG | B301: JSP_mid_BG2 | C301: colocated
A302: Joemma Beach State Park Mid - DNR - BESE v1 - 3 - C | B302: JSP_mid_C3 | C302: colocated
A303: Joemma Beach State Park Mid - DNR - BESE v1 - 3 - BG | B303: JSP_mid_BG3 | C303: colocated
A304: Joemma Beach State Park Mid - DNR - BESE v1 - 4 - C | B304: JSP_mid_C4 | C304: colocated
A305: Joemma Beach State Park Mid - DNR - BESE v1 - 4 - BG | B305: JSP_mid_BG4 | C305: colocated
A306: Joemma Beach State Park Mid - DNR - BESE v1 - 3 - AG | B306: JSP_mid_AG3 | C306: colocated
A307: Joemma Beach State Park Mid - DNR - BESE v1 - 4 - AG | B307: JSP_mid_AG4 | C307: colocated

Sheet Monitoring
A1: SITE LOCATION | B1: SITE NAME | C1: FUNDING SOURCE | D1: ACTIVITY TYPE | E1: PLANTING DATE | F1: PLANTED AREA | G1: # OF SHOOTS PLANTED | H1: MONITORING ENTITY | I1: MONITORING DATE | J1: STATUS - QUAL | K1: PLANTING METHOD | L1: STATUS - COUNT | M1: STATUS - AREA | N1: STATUS - SHOOT DENSITY | O1: STATUS - TIME INTERVAL | P1: STATUS - SURVIVAL | Q1: NOTES
E2: (YYYY-MM-DD) | F2: (area, m2) | G2: (shoot count) | I2: (YYYY-MM-DD) | J2: (present, absent, unknown) | K2: (staple, rebar, washer, burlap, turf, ?) | L2: (shoot count) | M2: (area, m2) | N2: (shoots m-2) | O2: (Days since planted) | P2: (%)
A3: Anderson Island | B3: Amsterdam Bay - PNNL - deep - test - 2013 | C3: =VLOOKUP(B3,'Planting GPS Points'!$B$3:$L$290,10,FALSE) -> WDFW | D3: =VLOOKUP(B3,'Planting GPS Points'!$B$3:$AL$290,17,FALSE) -> test | E3: 41431 | F3: 36 | G3: 720 | H3: PNNL | I3: 41613 | J3: present | K3: staple | M3: 36 | N3: =IFERROR(L3/M3, "") -> 0 | O3: =I3-E3 -> 182 | P3: =IF(L3="", "", L3/G3) | Q3: approximately 50% of original coverage, plants healthier and larger than shallow site, some over 0.5m, numerous snails on the blades
A4: Anderson Island | B4: Amsterdam Bay - PNNL - deep - test - 2013 | C4: =VLOOKUP(B4,'Planting GPS Points'!$B$3:$L$290,10,FALSE) -> WDFW | D4: =VLOOKUP(B4,'Planting GPS Points'!$B$3:$AL$290,17,FALSE) -> test | E4: 41431 | F4: 36 | G4: 720 | H4: PNNL | I4: 41725 | J4: present | K4: staple | L4: 17 | M4: 36 | N4: =IFERROR(L4/M4, "") -> 0.47222222 | O4: =I4-E4 -> 294 | P4: =IF(L4="", "", L4/G4) -> 0.023611111 | Q4: fine sediments
A5: Anderson Island | B5: Amsterdam Bay - PNNL - deeper - test - 2020 | C5: =VLOOKUP(B5,'Planting GPS Points'!$B$3:$L$290,10,FALSE) -> USACE | D5: =VLOOKUP(B5,'Planting GPS Points'!$B$3:$AL$290,17,FALSE) -> test | E5: 44012 | F5: 4.75 | G5: 475 | H5: PNNL | I5: 44307 | J5: present | K5: rebar | L5: 100 | M5: 6.25 | N5: =IFERROR(L5/M5, "") -> 16 | O5: =I5-E5 -> 295 | P5: =IF(L5="", "", L5/G5) -> 0.21052632 | Q5: Y | R5: partially exposed rebar; a little ulva around but not much, can mostly see substrate, elephant ear type algae, lots of snails; plants are crusty
A6: Anderson Island | B6: Amsterdam Bay - PNNL - shallow - test - 2013 | C6: =VLOOKUP(B6,'Planting GPS Points'!$B$3:$L$290,10,FALSE) -> WDFW | D6: =VLOOKUP(B6,'Planting GPS Points'!$B$3:$AL$290,17,FALSE) -> test | E6: 41431 | F6: 36 | G6: 720 | H6: PNNL | I6: 41613 | J6: present | K6: staple | M6: 36 | N6: =IFERROR(L6/M6, "") -> 0 | O6: =I6-E6 -> 182 | P6: =IF(L6="", "", L6/G6) | Q6: disappointing, only 1 clump of eelgrass remaining and some isolated shoots, plants generally short, most ulva gone
A7: Anderson Island | B7: Amsterdam Bay - PNNL - shallow - test - 2013 | C7: =VLOOKUP(B7,'Planting GPS Points'!$B$3:$L$290,10,FALSE) -> WDFW | D7: =VLOOKUP(B7,'Planting GPS Points'!$B$3:$AL$290,17,FALSE) -> test | E7: 41431 | F7: 36 | G7: 720 | H7: PNNL | I7: 41725 | J7: present | K7: staple | L7: 9 | M7: 36 | N7: =IFERROR(L7/M7, "") -> 0.25 | O7: =I7-E7 -> 294 | P7: =IF(L7="", "", L7/G7) -> 0.0125
A8: Anderson Island | B8: Anderson Island Northwest - PNNL - test - 2020 | C8: =VLOOKUP(B8,'Planting GPS Points'!$B$3:$L$290,10,FALSE) -> USACE | D8: =VLOOKUP(B8,'Planting GPS Points'!$B$3:$AL$290,17,FALSE) -> test | E8: 44012 | F8: 5 | G8: 500 | H8: PNNL | I8: 44307 | J8: present | K8: rebar | L8: 53 | M8: 6.25 | N8: =IFERROR(L8/M8, "") -> 8.48 | O8: =I8-E8 -> 295 | P8: =IF(L8="", "", L8/G8) -> 0.106 | Q8: Y | R8: lots of floculent, thick brown mat of diatom or algae with black possibly anoxic layer underneath. Avg. eelgrass size 10 cm but some up to 50 cm. Some eelgrass not actually attached to rebar
A9: Anderson Island | B9: Anderson Island Northwest - PNNL - test - 2020 | C9: =VLOOKUP(B9,'Planting GPS Points'!$B$3:$L$290,10,FALSE) -> USACE | D9: =VLOOKUP(B9,'Planting GPS Points'!$B$3:$AL$290,17,FALSE) -> test | E9: 44012 | F9: 5 | G9: 500 | H9: DNR | I9: 45083 | J9: present | K9: rebar | N9: =IFERROR(L9/M9, "") | O9: =I9-E9 -> 1071 | P9: =IF(L9="", "", L9/G9) | Q9: Only a spot check. There appeared to be many more plants than the last monitoring in April 2021. Photos in Anderson Island folder (K:\projects\Eelgrass_Restoration\Photos\Anderson_Island\Anderson_Island_northwest). Will count during next field effort.
A10: Anderson Island | B10: Anderson Island Northwest - PNNL - test - 2020 | C10: =VLOOKUP(B10,'Planting GPS Points'!$B$3:$L$290,10,FALSE) -> USACE | D10: =VLOOKUP(B10,'Planting GPS Points'!$B$3:$AL$290,17,FALSE) -> test | E10: 44012 | F10: 5 | G10: 500 | H10: DNR | I10: 45093 | J10: present | K10: rebar | L10: 665 | M10: 17.6 | N10: =IFERROR(L10/M10, "") -> 37.784091 | O10: =I10-E10 -> 1081 | P10: =IF(L10="", "", L10/G10) -> 1.33 | Q10: Counted shoot density in 9 - 0.25 m2 quadrats and the X - Y area. Area was 4.4 m x 4 m. Average shoot density = 37.8 from monitoring. Multiplied 37.8 x 17.6 to get total estimated shoot count of 665.
A11: Anderson Island | B11: Anderson Island Northwest - PNNL - test - 2020 | C11: =VLOOKUP(B11,'Planting GPS Points'!$B$3:$L$290,10,FALSE) -> USACE | D11: =VLOOKUP(B11,'Planting GPS Points'!$B$3:$AL$290,17,FALSE) -> test | E11: 44012 | F11: 5 | G11: 500 | H11: DNR | I11: 45421 | J11: present | K11: rebar | L11: 1107 | M11: 22.5 | N11: 49.2 | O11: =I11-E11 -> 1409 | P11: =IF(L11="", "", L11/G11) -> 2.214 | Q11: Counted shoot density in 5 - 0.25 m2 quadrats and the X - Y area. Area was 4.5 m x 5 m. Average shoot density = 37.8 from monitoring. Multiplied 49.2 x 22.5 to get total estimated shoot count of 1107. 80% average canopy height = 70.2 cm.
A12: Anderson Island | B12: Anderson Island Northwest - PNNL - test - 2020 | C12: =VLOOKUP(B12,'Planting GPS Points'!$B$3:$L$290,10,FALSE) -> USACE | D12: =VLOOKUP(B12,'Planting GPS Points'!$B$3:$AL$290,17,FALSE) -> test | E12: 44012 | F12: 5 | G12: 500 | H12: DNR | I12: 45748 | J12: unknown | K12: rebar | Q12: visited site but could not see Zm. Could be that tidal elevation was too high or algal cover too thick (ulvoids present)
A13: Anderson Island | B13: Anderson Island South - PNNL - test - 2016 | C13: =VLOOKUP(B13,'Planting GPS Points'!$B$3:$L$290,10,FALSE) -> USACE | D13: =VLOOKUP(B13,'Planting GPS Points'!$B$3:$AL$290,17,FALSE) -> test | E13: 42633 | F13: 6.25 | G13: 500 | H13: PNNL | I13: 42836 | J13: present | K13: rebar | L13: 103 | M13: 6 | N13: =IFERROR(L13/M13, "") -> 17.166667 | O13: =I13-E13 -> 203 | P13: =IF(L13="", "", L13/G13) -> 0.206 | Q13: pretty good survival and the plants look great, current is strong enough to push the plants horizontal
A14: Anderson Island | B14: Anderson Island South 1 - west - HC - large - 2017 | C14: =VLOOKUP(B14,'Planting GPS Points'!$B$3:$L$290,10,FALSE) -> WDFW | D14: =VLOOKUP(B14,'Planting GPS Points'!$B$3:$AL$290,17,FALSE) -> large scale | E14: 42888 | F14: 40 | G14: 20500 | H14: DNR | I14: 42941 | J14: present | K14: turf | N14: =IFERROR(L14/M14, "") | O14: =I14-E14 -> 53 | P14: =IF(L14="", "", L14/G14) | Q14: DNR snorkel monitoring. Zm present at both sites but loads of ulvoids attached to each planting unit. Easy to find because of clumps of ulvoids. Good photos documenting monitoring.
A15: Anderson Island | B15: Anderson Island South 1 - west - HC - large - 2017 | C15: =VLOOKUP(B15,'Planting GPS Points'!$B$3:$L$290,10,FALSE) -> WDFW | D15: =VLOOKUP(B15,'Planting GPS Points'!$B$3:$AL$290,17,FALSE) -> large scale | E15: 42888 | F15: 40 | G15: 20500 | H15: DNR | I15: 43229 | J15: absent | K15: turf | L15: 0 | N15: =IFERROR(L15/M15, "") | O15: =I15-E15 -> 341 | P15: =IF(L15="", "", L15/G15) -> 0 | Q15: DNR Geoduck Compliance Diver monitoring. Lots of green algae.
A16: Anderson Island | B16: Anderson Island South 1 - west - HC - large - 2017 | C16: =VLOOKUP(B16,'Planting GPS Points'!$B$3:$L$290,10,FALSE) -> WDFW | D16: =VLOOKUP(B16,'Planting GPS Points'!$B$3:$AL$290,17,FALSE) -> large scale | E16: 42888 | F16: 40 | G16: 20500 | H16: DNR | I16: 43324 | J16: absent | K16: turf | L16: 0 | N16: =IFERROR(L16/M16, "") | O16: =I16-E16 -> 436 | P16: =IF(L16="", "", L16/G16) -> 0 | Q16: DNR snorkel monitoring. No Zm found.
A17: Anderson Island | B17: Anderson Island South 2 - west - HC - large - 2017 | C17: =VLOOKUP(B17,'Planting GPS Points'!$B$3:$L$290,10,FALSE) -> WDFW | D17: =VLOOKUP(B17,'Planting GPS Points'!$B$3:$AL$290,17,FALSE) -> large scale | E17: 42890 | F17: 40 | G17: 24830 | H17: DNR | I17: 42941 | J17: present | K17: turf | N17: =IFERROR(L17/M17, "") | O17: =I17-E17 -> 51 | P17: =IF(L17="", "", L17/G17) | Q17: DNR snorkel monitoring. Zm present at both sites but loads of ulvoids attached to each planting unit. Easy to find because of clumps of ulvoids. Good photos documenting monitoring.
A18: Anderson Island | B18: Anderson Island South 2 - west - HC - large - 2017 | C18: =VLOOKUP(B18,'Planting GPS Points'!$B$3:$L$290,10,FALSE) -> WDFW | D18: =VLOOKUP(B18,'Planting GPS Points'!$B$3:$AL$290,17,FALSE) -> large scale | E18: 42890 | F18: 40 | G18: 24830 | H18: DNR | I18: 43229 | J18: present | K18: turf | L18: 55 | M18: 1.25 | N18: =IFERROR(L18/M18, "") -> 44 | O18: =I18-E18 -> 339 | P18: =IF(L18="", "", L18/G18) -> 0.0022150624 | Q18: DNR Geoduck Compliance Diver monitoring. Lots of green algae.
A19: Anderson Island | B19: Anderson Island South 2 - west - HC - large - 2017 | C19: =VLOOKUP(B19,'Planting GPS Points'!$B$3:$L$290,10,FALSE) -> WDFW | D19: =VLOOKUP(B19,'Planting GPS Points'!$B$3:$AL$290,17,FALSE) -> large scale | E19: 42890 | F19: 40 | G19: 24830 | H19: DNR | I19: 43324 | J19: present | K19: turf | L19: 34 | M19: 1 | N19: =IFERROR(L19/M19, "") -> 34 | O19: =I19-E19 -> 434 | P19: =IF(L19="", "", L19/G19) -> 0.0013693113 | Q19: DNR snorkel monitoring. Few Zm plants found
A20: Anderson Island | B20: Anderson Island South 3 - east - PNNL - large - 2017 | C20: =VLOOKUP(B20,'Planting GPS Points'!$B$3:$L$290,10,FALSE) -> USACE | D20: =VLOOKUP(B20,'Planting GPS Points'!$B$3:$AL$290,17,FALSE) -> large scale | E20: 42955 | F20: 105.25 | G20: 10525 | H20: PNNL | I20: 43164 | J20: present | K20: rebar | N20: =IFERROR(L20/M20, "") | O20: =I20-E20 -> 209 | P20: =IF(L20="", "", L20/G20) | Q20: viewed from surface, plants in tidy rows with no evidence of spread
A21: Anderson Island | B21: Anderson Island South 3 - east - PNNL - large - 2017 | C21: =VLOOKUP(B21,'Planting GPS Points'!$B$3:$L$290,10,FALSE) -> USACE | D21: =VLOOKUP(B21,'Planting GPS Points'!$B$3:$AL$290,17,FALSE) -> large scale | E21: 42955 | F21: 105.25 | G21: 10525 | H21: PNNL | I21: 43166 | J21: present | K21: rebar | M21: 75 | O21: =I21-E21 -> 211 | P21: =IF(L21="", "", L21/G21) | Q21: counted 40 lines of plants, looked slightly less dense than when planted
A22: Anderson Island | B22: Anderson Island South 3 - east - PNNL - large - 2017 | C22: =VLOOKUP(B22,'Planting GPS Points'!$B$3:$L$290,10,FALSE) -> USACE | D22: =VLOOKUP(B22,'Planting GPS Points'!$B$3:$AL$290,17,FALSE) -> large scale | E22: 42955 | F22: 105.25 | G22: 10525 | H22: PNNL | I22: 43571 | J22: present | K22: rebar | L22: 4770 | M22: 105 | N22: =IFERROR(L22/M22, "") -> 45.428571 | O22: =I22-E22 -> 616 | P22: =IF(L22="", "", L22/G22) -> 0.45320665 | Q22: PNNL divers surveyed 42, 0.25 m2 quadrats systematically with a random start throughout planted area to estimate average density m-2 for the planted area. Overall eelgrass looked good at the site, bare right along baseline. Patchy along deeper edge.
A23: Anderson Island | B23: Anderson Island South 3 - east - PNNL - large - 2017 | C23: =VLOOKUP(B23,'Planting GPS Points'!$B$3:$L$290,10,FALSE) -> USACE | D23: =VLOOKUP(B23,'Planting GPS Points'!$B$3:$AL$290,17,FALSE) -> large scale | E23: 42955 | F23: =VLOOKUP(B23,PLANTING,26,FALSE) -> rebar | G23: =VLOOKUP(B23,PLANTING,29,FALSE) -> 150 | H23: PNNL | I23: 43965 | J23: present | K23: rebar | L23: 20682 | M23: 105.25 | N23: =IFERROR(L23/M23, "") -> 196.50356 | O23: =I23-E23 -> 1010 | P23: =IF(L23="", "", L23/G23) -> 137.88 | Q23: PNNL divers surveyed 41 0.25 m2 quadrats along the rebar planted transects and calculated density based on shoots counted divided by surveyed area. Applied calculated density to the entire planted area to estimated number of shoots survived.
A24: Anderson Island | B24: Anderson Island South 3 - east - PNNL - large - 2017 | C24: =VLOOKUP(B24,'Planting GPS Points'!$B$3:$L$290,10,FALSE) -> USACE | D24: =VLOOKUP(B24,'Planting GPS Points'!$B$3:$AL$290,17,FALSE) -> large scale | E24: 42955 | F24: 105.25 | G24: 10525 | H24: DNR | I24: 44697 | J24: present | K24: rebar | O24: =I24-E24 -> 1742 | Q24: Qualitative assessment from boat.
